0,-134.59213969684936,1.0,0.1524992230776194
1,-230.93373856428474,0.99802,1.5263994677708699
2,-358.5916344095166,0.99604,1.4636872717789535
3,-7.936780117161575,0.99406,1.0720840341597795
4,-129.37810078632884,0.99208,1.5271632577975591
5,-132.43426750844517,0.9901,1.5110066700940845
6,-73.71530289059487,0.98812,1.6918698117921227
7,-196.72041261686465,0.98614,1.6995123629344673
8,-71.66005979481983,0.98416,1.7891298111987441
9,-286.8337643156767,0.98218,1.350156608365831
10,-183.0163418325443,0.9802,1.1741426561130297
11,-136.10621139761994,0.97822,1.394186766591014
12,-244.57278053980866,0.97624,1.4396922813916424
13,-100.53837902349719,0.97426,1.2200396830496723
14,-377.84841197171664,0.97228,1.2891451458030558
15,-102.56078008226582,0.9703,1.4669754961505532
16,6.523602152051566,0.96832,1.5046043822914361
17,-100.27279959749703,0.96634,1.7890019979275449
18,-111.54871021117948,0.96436,1.5743371975886358
19,-93.36671949218673,0.96238,1.6985020405638998
20,-138.46380384415113,0.9604,1.4151362807738899
21,-155.74141990465498,0.95842,1.8956206897678582
22,-324.0308218994737,0.95644,1.5852087480457207
23,-292.7789631823411,0.95446,1.695364008396864
24,-129.31729890932743,0.95248,1.54610157004752
25,-108.84420470938703,0.9505,1.6341940128627945
26,-186.93410645762162,0.94852,1.3783933890696902
27,-104.50217310902427,0.94654,1.278273255460792
28,-87.0977645706915,0.94456,1.2381617161719238
29,-111.09519346559401,0.94258,1.230929497629404
30,-210.07050370330825,0.9406,1.2967278831502767
31,-66.25883363066077,0.93862,1.383609960006701
32,-107.99260852987939,0.93664,1.165376898892429
33,-53.73373864601707,0.93466,1.549749137690434
34,-50.543546935440474,0.93268,1.235897186309544
35,-164.397919455647,0.9307,1.124795647287691
36,-4.233376156132437,0.92872,1.3091263375245035
37,-156.10672725731632,0.92674,1.344191142792503
38,-297.6917608450005,0.92476,1.1659153702885214
39,-258.36692391792303,0.92278,1.1830054066578548
40,-78.39577136827728,0.9208,1.2911569701658714
41,-105.64959773683195,0.91882,1.4910979611533028
42,-89.46017403004045,0.91684,1.4657514764070512
43,28.68756046043592,0.91486,1.0186613354418013
44,-115.3294994664717,0.91288,1.4418974068501722
45,-72.9906852072299,0.9109,1.4001402517811197
46,-83.28934020610646,0.90892,1.4142860331829044
47,-103.99057153148875,0.90694,1.1987585922812714
48,-124.58914476541123,0.90496,1.3913741623042921
49,-169.79893445922764,0.90298,1.3763641138133165
50,-96.39046309666375,0.901,1.410934551098904
51,-57.20181826458736,0.89902,1.8415781764208146
52,-64.79469607523896,0.8970400000000001,1.3684304485905845
53,10.960360538494314,0.89506,1.6408303623958942
54,-111.00335231820193,0.89308,1.481724142015559
55,-158.18631686978088,0.8911,1.4043259213688553
56,-181.7312026872454,0.88912,1.6391333133885355
57,-127.1783463176945,0.88714,1.4485270595439126
58,-198.66534221871098,0.88516,1.3935187461249756
59,-80.38840847164855,0.88318,1.5283763897444667
60,-91.95141722550825,0.8812,1.2366004508811157
61,-53.45170295589388,0.87922,1.5192971466868013
62,-268.7667611246475,0.87724,1.5342239274698146
63,-113.13853841093311,0.87526,1.449577157621953
64,-93.55552983253597,0.8732800000000001,1.432666275110738
65,-75.29175773880533,0.8713,1.4993974561978103
66,-63.242515832430335,0.86932,1.471306261880433
67,-144.37780149849982,0.86734,1.5410364605156721
68,-301.68206929187585,0.86536,1.2995843324396346
69,-152.48511828474005,0.86338,1.4150555949807166
70,-78.41971460060262,0.8613999999999999,1.49690566184944
71,-100.00915409628514,0.85942,1.582288961591465
72,-80.31126675373758,0.85744,1.4337506773618032
73,-111.31665528713343,0.85546,1.5826545693796046
74,-64.22780889563546,0.85348,1.4567665085196495
75,-165.47804215643083,0.8515,1.5970787597963443
76,-307.5337097030113,0.84952,1.7061875184713784
77,-67.01325323860074,0.84754,1.4789140461520716
78,-75.0065374406544,0.84556,1.3685582953691482
79,-95.23349789614322,0.84358,1.4054261003823385
80,-126.82977218195528,0.8416,1.231759036425501
81,23.777654230729155,0.83962,1.5726596207960564
82,-93.10664426523797,0.83764,1.459151754173163
83,-294.95574848500837,0.83566,1.4456617271946381
84,-230.69785289797946,0.83368,1.4827231057388808
85,-168.45060670999487,0.8317,1.337127033235698
86,-88.21534177246014,0.82972,1.41909297390988
87,-64.49227268998189,0.82774,1.4261671044996806
88,-298.3629121449524,0.82576,1.484473489565787
89,-230.4059578461117,0.82378,1.5115667322118367
90,-127.5643810926482,0.8218,1.3713797679918958
91,-111.0518504385667,0.81982,1.3833747749464422
92,-50.20289402119846,0.81784,1.414326660138996
93,-244.26176306761175,0.81586,1.300534780740738
94,-88.68023575053306,0.8138799999999999,1.4048386240061723
95,-179.04114425271854,0.8119000000000001,1.323925567721879
96,-86.63994716044803,0.80992,1.5001767743378878
97,-55.20377218940324,0.80794,1.247057209489867
98,-118.44791779044508,0.80596,1.5010673256313547
99,-297.3311123146948,0.80398,1.3341761431118258
100,27.403187706398228,0.802,1.198712213261492
101,-92.55986447738724,0.80002,1.3058458655103435
102,-163.4728743739974,0.79804,1.462804096520588
103,-68.065575480129,0.79606,1.2314765574932098
104,-68.56272911791508,0.79408,1.2420065865302696
105,-39.669481721857096,0.7921,1.2159694394218588
106,-68.76936327849414,0.79012,1.2087973968363275
107,-58.17958521382987,0.7881400000000001,1.1360149052771893
108,-82.05849451734429,0.78616,1.3172339705187222
109,-72.73928210212537,0.78418,1.1322850547259367
110,-78.7500179050223,0.7822,1.2191755884350874
111,-161.02685905127584,0.78022,1.3525629595115587
112,-41.73295858414279,0.77824,1.2608449854326587
113,-98.73595736320775,0.77626,1.2662358528623978
114,-77.76387132631947,0.77428,1.351306064497857
115,-28.36362445374077,0.7723,1.0615449209625905
116,-68.75844732788667,0.77032,1.2125446651292884
117,-78.35123411329708,0.76834,1.2976359307419423
118,-75.70510863276772,0.76636,1.279332768300484
119,-58.85441077618508,0.7643800000000001,1.2761057886398501
120,-69.48790081530923,0.7624,1.3133520852116978
121,-145.5291155721889,0.76042,1.4468137387718474
122,-172.60870949749298,0.75844,1.1330173315809053
123,-76.85777503695215,0.75646,1.0690747386039192
124,-73.64260546909065,0.75448,1.0287884933159763
125,-79.69479955289124,0.7525,1.2323084559942048
126,-130.33695605433223,0.7505200000000001,1.21759374553249
127,-73.27308204714525,0.74854,1.213854414456099
128,-47.41218086098165,0.74656,1.068765514401289
129,-57.69193883621124,0.74458,1.1517516546296758
130,-8.366989296632042,0.7426,1.1861767175020994
131,-38.42893044085311,0.7406200000000001,1.1358172169965297
132,-126.7542444465872,0.73864,1.1509574281898411
133,-40.26234244201767,0.7366600000000001,1.155740124359727
134,-67.72220322297895,0.73468,1.2836336130276322
135,-101.39872433970044,0.7326999999999999,1.098604040486472
136,-86.85571715043744,0.73072,0.9803899926297804
137,-59.22682067865737,0.7287399999999999,1.0535485192667693
138,-74.77788725327886,0.7267600000000001,1.1602456538897494
139,-39.76099953942861,0.72478,1.2457140997356297
140,-82.59576900790611,0.7228,1.1149805729400437
141,-33.085446723003756,0.72082,1.3588919488172377
142,-45.96326460871397,0.7188399999999999,1.1278449313694172
143,-19.323179924482815,0.71686,0.9798682329401506
144,-50.18501509113306,0.71488,1.2778233339389165
145,-68.90282551138887,0.7129,1.1632257273627653
146,-40.075515641250874,0.71092,1.2144586029312303
147,2.2830308261675043,0.70894,1.238789949039726
148,-85.83500061425511,0.70696,1.0426380895078182
149,-135.62734004388776,0.7049799999999999,1.1508069612564298
150,-100.10016176200786,0.7030000000000001,1.258856921404038
151,-17.18134322771887,0.70102,1.1517937736491026
152,-28.105417012090186,0.69904,1.1343073419834437
153,-72.26533858054681,0.69706,1.083003922751764
154,-215.87804258002,0.6950799999999999,1.0579697811540136
155,-95.74840751073242,0.6931,1.1940553230327249
156,-57.1361857615968,0.69112,1.050820567118105
157,-113.75989275547573,0.68914,1.0852440193671138
158,-36.96887258450063,0.68716,1.129570043628866
159,-36.84781295105763,0.68518,1.104830256705984
160,-33.26006327103819,0.6832,1.1548052462002703
161,-138.72033790297428,0.68122,1.1498320208541277
162,-67.1566145455199,0.6792400000000001,1.25371771220301
163,-60.24072492036557,0.67726,1.1616692349944315
164,-140.15276638930902,0.6752800000000001,1.0617116692229214
165,-59.79829434286592,0.6733,1.2636146144856006
166,-27.783662393186574,0.6713199999999999,1.05298210826257
167,-55.40041826392061,0.66934,1.0658623773109663
168,-37.90129294775579,0.66736,1.1100210262970491
169,-77.69890674408401,0.66538,1.1431775706318708
170,-55.72380213049459,0.6634,1.0833836871249076
171,-102.91536370259486,0.66142,1.3886315513331935
172,-15.994978107102142,0.65944,1.1096152135304043
173,-166.75371825271955,0.6574599999999999,1.0870211923029274
174,-108.87743416476232,0.6554800000000001,1.2478622009022897
175,-61.72509228267225,0.6535,1.0712547704817788
176,-22.246149319981114,0.65152,1.0813412914052605
177,-72.54899483654508,0.64954,0.890039945912102
178,-51.73788097306675,0.64756,1.2461144263122945
179,-62.805018000099466,0.64558,1.1081650218189651
180,-54.96852869417531,0.6436,0.9914253960435208
181,-8.941189038121763,0.6416200000000001,1.115957037806511
182,-61.58152862754988,0.63964,1.0359892202862377
183,-32.53159924342516,0.63766,0.9488835632801056
184,-22.958305195320065,0.63568,1.0959390930476642
185,-35.37103828543762,0.6336999999999999,1.074337427623761
186,-85.07482201955501,0.6317200000000001,0.9772192405472542
187,-89.0540987916738,0.62974,1.0724191376289656
188,-81.24432617745256,0.62776,1.1188788894038872
189,-23.701279408680463,0.62578,1.0554703329201345
190,-47.057400824282894,0.6238,1.123845563935382
191,-18.312124754407733,0.62182,1.112548488182026
192,-94.56194946824765,0.6198400000000001,0.9963098536519444
193,-13.745531955466788,0.6178600000000001,1.102982642573695
194,1.184453138853982,0.61588,1.0494015692460417
195,-52.21986188832146,0.6139,1.0351672754645935
196,-83.19989698689503,0.61192,0.9412510221654719
197,-55.76599184780605,0.6099399999999999,0.9242341636108751
198,-78.58297836256456,0.6079600000000001,0.8909985757536358
199,22.784766938542305,0.60598,0.8386143000300871
200,-61.03279996264958,0.604,1.0218604107697804
201,-19.98386942600773,0.60202,1.0623956784032857
202,-232.40275186716238,0.60004,1.043991140053644
203,-33.97624224465294,0.59806,0.9786653651774508
204,-72.41239815755263,0.5960799999999999,0.9828498082599421
205,-92.47512268829205,0.5941000000000001,0.956582502436799
206,-3.9203465042061225,0.59212,0.9504954122834736
207,-75.30380567624411,0.59014,1.1721061165370639
208,-39.0141588610274,0.58816,0.9384501673761876
209,-142.99024045967676,0.58618,1.0000569797934047
210,-20.75570602801477,0.5842,1.0015126108897454
211,-34.218656369596076,0.58222,1.1140845365423178
212,-89.09772500472602,0.5802400000000001,0.9260082075904522
213,7.041108560258532,0.57826,1.1122976683825254
214,27.66707371398467,0.57628,1.4497502421438695
215,-20.40100486228434,0.5743,1.5938251607516813
216,-66.64886904237571,0.5723199999999999,1.6729618951678276
217,-34.74557305501597,0.5703400000000001,1.5744316391646862
218,-27.96360842106013,0.56836,1.5695638836932784
219,-44.95663858386269,0.56638,1.6626699809965335
220,-42.39074666806759,0.5644,1.6887737781886596
221,-34.282957099521965,0.56242,1.6944552824777714
222,-69.89071095354713,0.56044,1.751282537608971
223,-34.93713359581291,0.55846,1.5357255984629903
224,-40.450084158106066,0.5564800000000001,1.736219755040025
225,-38.75001615937613,0.5545,1.5671418874352068
226,-18.84134200689236,0.5525199999999999,1.6047486951856902
227,-58.96147132010038,0.55054,1.5664087396401625
228,-29.5732380977457,0.5485599999999999,1.5954189686927684
229,-103.79599952596945,0.5465800000000001,1.6559849589370017
230,33.26250976377,0.5446,1.6723159985507237
231,-28.20563112562148,0.54262,1.6935397515296935
232,-95.17256847945151,0.54064,1.6595955918587388
233,-88.29409758519458,0.53866,1.8159071337169326
234,-5.4538149985565525,0.53668,1.5471980791342885
235,-13.938469952178792,0.5347,1.4327034449871676
236,-30.09445551773763,0.5327200000000001,1.5248905543770108
237,-22.031898580743402,0.53074,1.7602919231761585
238,-32.501020572570454,0.52876,1.6498615419672382
239,-28.62186207807737,0.52678,1.7236249937730677
240,-70.90205647770192,0.5247999999999999,1.6086688830358227
241,-44.82136396487148,0.5228200000000001,1.620733737042456
242,-56.4280000564391,0.52084,1.5741201462794323
243,-53.17643332395345,0.51886,1.5895017545532297
244,-47.496084211250135,0.51688,1.4761000957260741
245,20.294371270784225,0.5148999999999999,1.6306976927715597
246,-64.36837798172085,0.51292,1.5906461520215212
247,-258.36522283963944,0.51094,1.6642045123306544
248,-2.797687570150373,0.50896,1.8214974840864158
249,24.591633935231542,0.50698,1.6724158315205135
250,-32.252069277496716,0.505,1.7535080549617608
251,-7.5474734557979986,0.50302,1.8610556582212447
252,-48.064744584003364,0.50104,1.764073795830177
253,-91.20565392557359,0.49905999999999995,1.7196460876464843
254,-23.183563908230255,0.49707999999999997,1.8440753917827784
255,6.617189293525911,0.4951,1.786587121554568
256,-107.33516758979994,0.49312,1.848640892076196
257,49.03084704129586,0.49114,1.8752009946189514
258,-55.406559299397856,0.48916000000000004,1.6589917022113998
259,-41.16484184711089,0.48717999999999995,1.8538746644150128
260,51.73655745250417,0.4852000000000001,1.938450239755057
261,2.952812112326498,0.48322,1.7998528496956263
262,-60.84961456348031,0.48124,1.8579741638976257
263,8.27752837182743,0.47926,2.022100745886564
264,52.00404236095926,0.4772799999999999,1.8970178089727312
265,-89.84684771863829,0.47529999999999994,1.8153255030604227
266,-25.00376824836128,0.4733200000000001,2.0411040127575397
267,15.316717688409753,0.47134,2.440576797650184
268,-36.26382774677428,0.46936,2.119654389700495
269,-71.06375122798786,0.46738,2.15202511523987
270,-96.00180413964188,0.4653999999999999,2.146883936841402
271,4.793964496942564,0.46341999999999994,2.3865717376461464
272,6.436938704222911,0.4614400000000001,2.2966324771293487
273,7.576174911508758,0.4594600000000001,2.2096293530861537
274,-2.3179921084738835,0.45748,2.1443849950432776
275,-60.82173819251949,0.4555,2.317106813606289
276,-47.25754936372287,0.45352000000000003,2.2762032492858606
277,2.261796134485408,0.45153999999999994,2.2169085693795507
278,-50.79540447487675,0.44956000000000007,2.281868824833318
279,-8.249616545809715,0.4475800000000001,2.3523750619871633
280,-34.982766529789515,0.4456,2.499422648460558
281,-48.92729855721858,0.44362,2.247571385736707
282,-14.97480457005203,0.44164000000000003,2.1782235165551906
283,-191.89172680684797,0.43965999999999994,2.1596542710630695
284,-62.77407189905087,0.43767999999999996,2.424834738599091
285,-53.96574098405377,0.4357000000000001,2.202265724097148
286,39.686728611836145,0.43372,2.336025077801246
287,-33.82607378437608,0.43174,2.3762365736357576
288,-49.76128769395448,0.42976000000000003,2.226576448005179
289,29.287701625277947,0.42777999999999994,2.311692105842308
290,-110.4945491159221,0.42579999999999996,2.209278794810002
291,-36.65021371784013,0.4238200000000001,2.37404388943805
292,-20.79611996099157,0.42184,2.1244237219393254
293,-218.5619660152219,0.41986,2.0907701056222527
294,-34.18443331497406,0.41788000000000003,2.03307346625531
295,0.4474841460464205,0.41589999999999994,2.2372415475547314
296,-62.376832318129615,0.41391999999999995,2.2024834181728035
297,-40.73268664253726,0.4119400000000001,2.0839475408279697
298,-78.1488352881176,0.40996,2.136891544908285
299,-3.2722954850368353,0.40798,2.253143258144458
300,-89.84842096921523,0.406,2.229832101129333
301,-2.648194675604712,0.40401999999999993,1.8849931943416596
302,-109.47523378160896,0.40203999999999995,1.6700073974697214
303,17.478573879173595,0.4000600000000001,1.6162661244273187
304,-127.11409227227564,0.39808,1.6296012026923044
305,0.6330144883781372,0.3961,1.6063584216377313
306,-39.489420815233004,0.39412,1.6980685427188873
307,-229.08702638169632,0.39213999999999993,1.767787619947623
308,-15.078251635859038,0.39015999999999995,1.9439272012412547
309,-11.281419477200274,0.38817999999999997,1.9813002117083107
310,-18.706246326427134,0.3862000000000001,1.8341687384404635
311,-8.226232947879334,0.38422,1.7322637530267238
312,19.635547948825113,0.38224,1.714602800041437
313,-22.220774425405647,0.38026000000000004,1.6160405470728874
314,-14.91372643835854,0.37827999999999995,1.5803305139243602
315,-11.612921244057958,0.37629999999999997,1.4646661410460602
316,-50.02239443393708,0.3743200000000001,1.57852399320964
317,-6.918683046568604,0.37234,1.5790726118087768
318,12.039428970971912,0.37036,1.5815370942950249
319,-19.11522862188337,0.36838000000000004,1.5572278900444507
320,-425.4194302865349,0.36639999999999995,1.4805793235763427
321,4.6446785603339436,0.36441999999999997,1.3727396801114082
322,-28.436687828466347,0.3624400000000001,1.335932737261057
323,-11.533381405383949,0.36046,1.3234919013833641
324,-8.6938642481783,0.35848,1.3785372472235136
325,-63.417388355392596,0.35650000000000004,1.295173058691232
326,-5.328805654161297,0.35451999999999995,1.3266896917521953
327,-38.4026968300851,0.35253999999999996,1.2936965283155442
328,14.606250729510464,0.3505600000000001,1.2510450331820655
329,-24.409464025033184,0.34858,1.1857859567701816
330,-23.7408445652339,0.3466,1.1862838719189166
331,-41.1107188538988,0.34462000000000004,1.166649560213089
332,-26.965116486512194,0.34263999999999994,1.1195004271566869
333,-23.950644397180113,0.34065999999999996,0.964338194644242
334,-91.10953775792362,0.33868,0.9993325933204551
335,-36.833034226503344,0.3367,0.9457638815853947
336,3.776100740492887,0.33472,1.0154067969322205
337,-28.962164477023986,0.33274000000000004,0.9618191834688187
338,-63.899649622139194,0.33075999999999994,0.9149559151828289
339,-30.94065521881741,0.32877999999999996,0.9650437552366198
340,-4.223393743202705,0.3268,0.9400744750052691
341,78.73004397444383,0.32482,0.9553546390235425
342,38.48116983951712,0.32284,0.9832868149383462
343,-15.173756925007396,0.32086000000000003,0.9854408613443375
344,25.280050281900536,0.31887999999999994,0.9554081597775221
345,-6.939303416117426,0.31689999999999996,0.9047395102270357
346,-142.45799565039715,0.31492,0.9810711772888899
347,-128.14268179150304,0.3129400000000001,0.9519232498499953
348,-30.801808469106618,0.31096,0.9490830855093141
349,21.953872864725525,0.30898000000000003,0.9083074480295181
350,-167.51335594584606,0.30700000000000005,1.0183407311038724
351,-77.7609824340799,0.30501999999999996,0.9201720400750637
352,-4.143522567603782,0.30304,0.9118190823416961
353,-31.28892841384608,0.3010600000000001,0.8820567956268788
354,61.34492295792535,0.29908,0.8774535821974278
355,-24.263606627909965,0.29710000000000003,0.9606858297534611
356,-1.7374077657251146,0.29512000000000005,0.8333509464859963
357,-132.3606439865869,0.29313999999999996,0.849243652639967
358,-28.594938880815278,0.29116,0.825544253230095
359,-225.04477395958205,0.28918,0.8268115246164845
360,54.252945821766204,0.2872,0.8937739811986685
361,-0.5384321489323263,0.28522000000000003,0.8641744265705347
362,24.746840018810435,0.28324000000000005,0.9038206284940242
363,33.132504455787,0.28125999999999995,0.8757774386045744
364,49.550346547398554,0.27928,0.92017178606987
365,-0.013829710420025565,0.2773,0.9768740637004375
366,-81.7225983611953,0.27532,1.0249852068722247
367,16.13529246064728,0.27334,1.0946558935642243
368,7.5882723268160674,0.27136000000000005,1.2268426843484244
369,-47.521919873881195,0.26937999999999995,1.1687365403079024
370,-141.97873158584912,0.26739999999999997,1.2319197715837744
371,-11.475813146748756,0.26542,1.1675806005299092
372,-101.60156485150695,0.26344,1.144717806929093
373,-118.68726345058163,0.26146,1.0674113227128983
374,-43.60008658594266,0.25948000000000004,1.060873637020588
375,-81.37351513550082,0.25749999999999995,1.0719405180215835
376,-10.61310247062245,0.25551999999999997,1.0228551104664803
377,-304.58901387530295,0.25354,1.087507500389348
378,-0.3322200330441374,0.25156,1.0738830457031727
379,-181.15094662054554,0.24958000000000002,1.0337309089043867
380,-123.47972632483417,0.24760000000000004,1.0003525587916373
381,-133.92911072293785,0.24561999999999995,0.917415780744151
382,-138.719868576933,0.24363999999999997,0.8347423377716954
383,20.767227506560417,0.24165999999999999,0.7651587346548675
384,10.357475022616867,0.23968000000000012,0.7379661348611116
385,16.83636843729866,0.23770000000000002,0.6473884526288735
386,-1.1269434244946694,0.23572000000000004,0.762580136458079
387,-50.23940697622987,0.23374000000000006,0.6875286603005983
388,26.106084017101068,0.23175999999999997,0.7487388541549445
389,-22.023674735286153,0.22977999999999998,0.8013585830628872
390,-114.5138140770212,0.2278,0.731809061149071
391,-126.743076516241,0.22582000000000002,0.7123454494155161
392,-179.55594347561566,0.22384000000000004,0.7158014865441097
393,-151.36465501184813,0.22186000000000006,0.7440469105190602
394,-36.959366141406356,0.21987999999999996,0.6557345762848854
395,-32.87897928172309,0.21789999999999998,0.7256629282832145
396,-218.0666648187576,0.21592,0.7711728471996528
397,-53.17842407939527,0.21394000000000002,0.7702277661263943
398,-15.865692465835876,0.21196000000000004,0.7750608821064234
399,17.669818874579008,0.20998000000000006,0.7878881900642927
400,-191.69803027022726,0.20799999999999996,0.7930035048862425
401,14.131818529546702,0.20601999999999998,0.8625091703981161
402,35.40981584345609,0.20404,0.84213131326437
403,197.64995813222492,0.20206000000000002,0.796248208628882
404,194.6119347491528,0.20008000000000004,0.7075580866357402
405,-97.512427280773,0.19810000000000005,0.6868982418477535
406,-29.09422029256653,0.19611999999999996,0.6647855980992318
407,-221.97244351595072,0.19413999999999998,0.682947536484868
408,-740.4534403681881,0.19216,0.6744916172404039
409,-21.17348152640779,0.19018000000000002,0.7296088032722473
410,-172.3239265521438,0.18820000000000003,0.6507456497477254
411,-114.62212023427482,0.18622000000000005,0.6194769666298924
412,-16.905020948390032,0.18423999999999996,0.5662642170488834
413,-130.1013766834622,0.18225999999999998,0.5017580993073972
414,-101.75697816042383,0.18028,0.521135687276721
415,-136.2282760169367,0.1782999999999999,0.4823741183330224
416,40.85907749856456,0.17632000000000003,0.4648274740725756
417,217.12675755520348,0.17434000000000005,0.4231430303418275
418,127.24795585849216,0.17236000000000007,0.4996703604012728
419,64.6858962763982,0.17037999999999998,0.42297723719477653
420,-203.12605101026617,0.1684,0.450487883786696
421,225.26490731339976,0.16642,0.47706344034578707
422,-113.28094651452962,0.16444000000000003,0.4367655294912833
423,7.023415495927694,0.16246000000000005,0.4259311349093914
424,-202.5255636494585,0.16048000000000007,0.42338457684728165
425,106.94846788137053,0.15849999999999997,0.4581667660996318
426,-134.77385063616848,0.15652,0.43089714025230685
427,-55.91427623674678,0.15454,0.42854078521579503
428,69.64507774066178,0.15256000000000003,0.42120044991374017
429,-19.042814777136282,0.15058000000000005,0.3759876752346754
430,20.956390088486877,0.14860000000000007,0.37446546874940395
431,61.40239627055697,0.14661999999999997,0.3922907364740968
432,4.096957505151124,0.14464,0.33820436986392005
433,-64.3319290783488,0.14266,0.4392948132268218
434,191.2152941595064,0.14068000000000003,0.4274492277153607
435,121.21743741262298,0.13870000000000005,0.36377061891555784
436,215.23450736212342,0.13672000000000006,0.34542228898007266
437,112.73040033143576,0.13473999999999997,0.3454811806678772
438,-202.049602071739,0.13276,0.3397350834971322
439,-61.70353881547615,0.13078,0.3704461024776101
440,251.1219745999831,0.12879999999999991,0.32263475484454757
441,232.28741830587023,0.12682000000000004,0.3679380279779434
442,167.1380623165602,0.12484000000000006,0.3556299972157692
443,275.98915367514115,0.12285999999999997,0.35680813636853653
444,244.4069547941516,0.12087999999999999,0.3735127076988333
445,-247.9772524924444,0.1189,0.39575588423758745
446,9.762430383190747,0.11691999999999991,0.4362636915511555
447,-11.882925429187566,0.11494000000000004,0.4729660431663674
448,-94.31531357596586,0.11296000000000006,0.4693393145149591
449,242.57534179940282,0.11097999999999997,0.4476955788100467
450,114.23430534558693,0.10899999999999999,0.4402004446387291
451,268.6118837904879,0.10702,0.45585617799528694
452,223.91663615586725,0.10503999999999991,0.40980773543042776
453,192.69671007490012,0.10306000000000004,0.4579498035395779
454,-135.2148332327979,0.10108000000000006,0.38325984937075835
455,262.10617968597626,0.09910000000000008,0.4655481859313688
456,129.78905609057452,0.09711999999999998,0.4401764106079936
457,252.28094044904867,0.09514,0.41336118571582386
458,-246.2050654769873,0.09316000000000002,0.42834515680274193
459,242.92575641772555,0.09118000000000004,0.40823381846144596
460,251.13913265319755,0.08920000000000006,0.4161694009046433
461,256.4970859053151,0.08722000000000008,0.4454519605748706
462,-20.321561510657702,0.08523999999999998,0.44240807038516605
463,-74.03652712310164,0.08326,0.4316304409986033
464,-103.7081291303841,0.08128000000000002,0.3930162697157881
465,223.79369080478006,0.07929999999999993,0.43852605575336034
466,1.5021793214077235,0.07732000000000006,0.3735514661622426
467,202.51352564672447,0.07534000000000007,0.39842934423857634
468,236.32134440567577,0.07335999999999998,0.4012865924409458
469,259.69934946155445,0.07138,0.3926488273080532
470,115.24158512166082,0.06940000000000002,0.4088588085994124
471,-148.35943706262807,0.06741999999999992,0.3955400534253465
472,128.43590495783957,0.06544000000000005,0.35812777767702936
473,219.49305874566275,0.06346000000000007,0.34329185444006666
474,251.23579839410598,0.06147999999999998,0.3874888738748832
475,5.476505169663028,0.0595,0.2752494125190792
476,-117.1110223029749,0.057520000000000016,0.33949434252819793
477,271.80280910381566,0.05553999999999992,0.3365657650449169
478,272.50556123435194,0.05356000000000005,0.3705798164709633
479,194.7603187661491,0.05158000000000007,0.4708782844123293
480,206.7918722843121,0.04959999999999998,0.4292110489846873
481,176.34265925325843,0.047619999999999996,0.4026906417959397
482,-6.521065319337538,0.045640000000000014,0.4617956771418966
483,242.54933437288696,0.04365999999999992,0.4533939574731559
484,266.10285518015587,0.04168000000000005,0.43782855135790555
485,-89.85277240926318,0.03970000000000007,0.4455907782307723
486,248.5612782411232,0.037719999999999976,0.3827937438351209
487,225.3148570214491,0.035739999999999994,0.45030102175202846
488,-138.2427433416178,0.03376000000000001,0.4334747192772513
489,-68.80931852308682,0.03177999999999992,0.41014957741919894
490,-60.2350407504357,0.029799999999999938,0.47473458303117966
491,251.94089607548193,0.027820000000000067,0.4418708254879975
492,-193.51968737441393,0.025840000000000085,0.4482124553380007
493,-158.18124405803007,0.023859999999999992,0.45600279007184397
494,9.342331688560677,0.02188000000000001,0.5142813302865885
495,-31.565374208527174,0.01990000000000003,0.48802279439919133
496,114.85776699907923,0.017919999999999936,0.4944061028212309
497,254.6359788353593,0.015940000000000065,0.4705000806848208
498,90.38430409163117,0.013960000000000083,0.48578983125463127
499,-108.71621736987976,0.01197999999999999,0.3997074553295027
500,260.30708049256987,0.010000000000000009,0.41343564346578776
501,295.34894005919847,0.01,0.4618913448519177
502,276.06424755891305,0.01,0.4526713697387706
503,-46.597199263536396,0.01,0.42674371640011666
504,240.7771333105291,0.01,0.5165634157029466
505,14.236567209978432,0.01,0.4295062554212144
506,240.42340809535128,0.01,0.4694047561097963
507,204.69034970750945,0.01,0.4238473010194204
508,261.60814551194875,0.01,0.45105010990183153
509,255.29123847006355,0.01,0.3528683658177946
510,-119.63406970377729,0.01,0.5966025081934867
511,243.7060447445274,0.01,0.4403601099747693
512,271.81738204480007,0.01,0.4890943805050666
513,61.99940944485422,0.01,0.48499883623212897
514,157.73830210060672,0.01,0.40220871766097843
515,-55.42439977309208,0.01,0.36435065062716604
516,232.10732806853818,0.01,0.31950437900546974
517,220.33885749421256,0.01,0.28754371937875656
518,124.14617479610881,0.01,0.3228041629493237
519,-36.789018256941944,0.01,0.3740654641570633
520,256.1776248009178,0.01,0.3031533857627871
521,226.08528523270652,0.01,0.3240289269495256
522,239.53152900507615,0.01,0.37119119454707417
523,240.98719692321617,0.01,0.35990550633869134
524,-25.668773469909326,0.01,0.37450015420715016
525,198.03470403548397,0.01,0.4018400774562153
526,10.735321297774064,0.01,0.3387168158480174
527,284.6341087005563,0.01,0.4052627131342888
528,-130.27572288342594,0.01,0.45118145990310254
529,-41.1969670310028,0.01,0.49052800419222975
530,5.691904404580654,0.01,0.37651871533342524
531,244.19883183933925,0.01,0.3910107355325194
532,139.39329860591053,0.01,0.4526047681680756
533,223.18671470066184,0.01,0.4146253799844999
534,257.6850870453096,0.01,0.3620415177579932
535,4.568644348148197,0.01,0.42871672911435793
536,-87.56963024141037,0.01,0.43084899228811263
537,254.7226945844847,0.01,0.36670183281971036
538,95.51024172598608,0.01,0.46067613903433086
539,248.43442187011905,0.01,0.45574782240503237
540,277.9956719612028,0.01,0.459094855864093
541,-80.07400492991167,0.01,0.4770995590686798
542,253.41047660858897,0.01,0.41868184060427066
543,-83.5508305192857,0.01,0.4332045568227768
544,239.4198356437219,0.01,0.5134294904683802
545,134.60900005324254,0.01,0.4303138484284282
546,5.175814766839579,0.01,0.4189038993463145
547,-12.311273303654218,0.01,0.3970551698934287
548,211.7219931169189,0.01,0.4100877839693989
549,261.5226791909003,0.01,0.39080830756200846
550,266.124738766919,0.01,0.3781583132222295
551,-5.063662069289663,0.01,0.36590365877046305
552,275.562904578406,0.01,0.373552395383692
553,242.22679636626535,0.01,0.3630458784142607
554,118.57557110496697,0.01,0.37190366292744875
555,276.349723099832,0.01,0.3338140239299254
556,-52.07419405525194,0.01,0.337247090482312
557,4.4843510186586775,0.01,0.3200418448112905
558,244.12653413847076,0.01,0.32604884625382696
559,267.8457333421887,0.01,0.30201249492229354
560,141.76964461050719,0.01,0.33872757346183063
561,238.48123762411785,0.01,0.27801699191331863
562,-2.5369592888406487,0.01,0.39021619870183394
563,245.87369599975676,0.01,0.2785005573670157
564,299.18120546210446,0.01,0.3545497554753508
565,237.63261142361318,0.01,0.30274328369698766
566,-13.254441222465825,0.01,0.3030215759277344
567,25.009436523659915,0.01,0.33667711422416813
568,237.71412802515442,0.01,0.29787249018166523
569,252.04742475368386,0.01,0.323737039776133
570,20.355529194965456,0.01,0.3440008548423648
571,206.7143049112869,0.01,0.3399521946169362
572,260.57466425899645,0.01,0.3453400187545281
573,280.2034496034521,0.01,0.33636520589953955
574,249.20969012437587,0.01,0.3260971465410449
575,-10.353528981856087,0.01,0.30485509600151667
576,267.6879829587795,0.01,0.3660266856578263
577,230.76170974002562,0.01,0.3350258676181247
578,-44.069639767122496,0.01,0.39127836828785284
579,253.94831022379807,0.01,0.4057898095675877
580,16.08105812815073,0.01,0.3325625983765349
581,220.1902445136376,0.01,0.37145269924713153
582,207.29048168287122,0.01,0.34808086090805856
583,282.35115918611615,0.01,0.3633878413259674
584,-74.59350815140142,0.01,0.367151517547667
585,271.9792319346086,0.01,0.3734687066853348
586,239.8268652805101,0.01,0.3549763177009955
587,243.07311954208916,0.01,0.3873495283954792
588,234.99237317833453,0.01,0.35554615979181053
589,239.25314571574165,0.01,0.3252268635800907
590,285.4323817596851,0.01,0.36976858686123576
591,258.95623464213554,0.01,0.36796806788429465
592,262.40141164261684,0.01,0.43482541532595026
593,227.4170288039137,0.01,0.4185493433553922
594,272.13382221667393,0.01,0.46210157558182036
595,260.9943238506893,0.01,0.38061735586359585
596,-171.72870554455199,0.01,0.44328167442564326
597,152.01064936997207,0.01,0.4119195546992123
598,281.3654922098224,0.01,0.41816327795524544
599,233.27978133224792,0.01,0.3177235703524593
600,236.34240634206162,0.01,0.5077328673005104
601,271.8512087016087,0.01,0.4468333495547995
602,260.30667668049495,0.01,0.4217426478559893
603,292.69774627933305,0.01,0.33174244226720284
604,271.0538669874484,0.01,0.3964556504993938
605,256.22433855546,0.01,0.40238657797453925
606,296.7478004246203,0.01,0.4030373771280303
607,16.879178102956217,0.01,0.42949650905211456
608,266.2706405297231,0.01,0.360393290076468
609,265.586822323463,0.01,0.47185355273900054
610,275.76562097719085,0.01,0.38221346505265186
611,283.73549502576935,0.01,0.31882064397735843
612,122.71682017475227,0.01,0.36148111228644847
613,-7.487269390439266,0.01,0.5166140639438079
614,164.5447180528105,0.01,0.3974193087499589
615,259.08337119625037,0.01,0.4243855527520441
616,279.2440761093218,0.01,0.3938509395793658
617,254.0009975689167,0.01,0.34971043196199947
618,255.4436259484469,0.01,0.37497034885405384
619,131.41406166847202,0.01,0.3557209870684892
620,217.2929053019315,0.01,0.2662045232164748
621,67.33604809965078,0.01,0.3911597031686041
622,146.88396052598034,0.01,0.3365928209251399
623,196.15707290630132,0.01,0.3231941380370886
624,258.03929720761835,0.01,0.39090896629213545
625,-20.07733656868392,0.01,0.2897777889262546
626,253.2300490802103,0.01,0.33106284773606337
627,262.8875584366019,0.01,0.3934739638991173
628,273.46574199824664,0.01,0.37313456174890064
629,272.0174749115508,0.01,0.44582587369502735
630,279.42164985752174,0.01,0.4367654781577224
631,286.65894704897335,0.01,0.4355878411038856
632,260.09699546791705,0.01,0.3520684796561912
633,264.386587760619,0.01,0.3550912043355681
634,-32.83704921736807,0.01,0.32539316900260745
635,-1.5223746437967662,0.01,0.24109418638604316
636,37.55062699113628,0.01,0.35111078776527144
637,263.1619645445305,0.01,0.3245299536510742
638,284.3607333140802,0.01,0.27698582565839985
639,222.7374258578999,0.01,0.33088325920029427
640,270.13065762421485,0.01,0.35522129648117295
641,236.17484850446857,0.01,0.3135645393939579
642,249.21613166139048,0.01,0.3992842690687078
643,-190.85625152204113,0.01,0.3691660362705159
644,144.9616527888681,0.01,0.4099107728041708
645,281.8087332317292,0.01,0.4634631638518638
646,265.06946627029856,0.01,0.3357658542576246
647,156.06244506396854,0.01,0.40319493095204234
648,292.93060620540166,0.01,0.3770936378836632
649,263.679160510952,0.01,0.42418598528828977
650,267.78021484749763,0.01,0.42317826815754717
651,253.60046327909137,0.01,0.3807184146230679
652,279.64908183810974,0.01,0.39742671893160236
653,227.39255389970592,0.01,0.35253823947769863
654,269.52097155932046,0.01,0.44649652485805813
655,282.60839915648,0.01,0.30868355702278355
656,289.3576743588409,0.01,0.3991469411730699
657,239.63377497561882,0.01,0.37303704646220254
658,19.853501248598903,0.01,0.4246486489210398
659,286.10870378608377,0.01,0.36795560399006155
660,247.6171492149324,0.01,0.22312565366535084
661,262.2993825340897,0.01,0.35135566528933315
662,261.82284475765573,0.01,0.41837122627936774
663,278.9891046458887,0.01,0.439556993001007
664,292.49946708513625,0.01,0.4370298358516612
665,283.6182891044871,0.01,0.4037372183905684
666,261.5030030372324,0.01,0.3813463815992388
667,34.66478427554361,0.01,0.37653530595435514
668,175.83280595951294,0.01,0.3890813210237159
669,195.483985020778,0.01,0.3965624572221445
670,250.74434409196073,0.01,0.44317637313173586
671,263.6832646685609,0.01,0.3506079572430235
672,265.3390980991608,0.01,0.3437865642730255
673,74.7668148250118,0.01,0.37780082441307605
674,272.4734787635868,0.01,0.34773965808139606
675,15.215758246145697,0.01,0.3671892507216044
676,266.6451501018563,0.01,0.45420608800371914
677,245.6978340416457,0.01,0.3765936595188188
678,-746.4032895987008,0.01,0.46150487140718716
679,247.0329769686142,0.01,0.35803289422526574
680,268.3771965107871,0.01,0.4440383303801206
681,289.8748376920247,0.01,0.5055563902568738
682,280.2252508459703,0.01,0.6559493773013025
683,281.6903974953377,0.01,0.4941993245466923
684,279.1925416884453,0.01,0.39785979717821623
685,17.298018086153405,0.01,0.5441287680787136
686,282.8926960383787,0.01,0.4423490684479475
687,285.4910644178381,0.01,0.5269404873073671
688,266.64619497159515,0.01,0.39625001563017526
689,50.77160178951269,0.01,0.7374811998878916
690,239.97111099012307,0.01,0.45009382381547675
691,262.6306614593815,0.01,0.4704366285225441
692,238.58283836839465,0.01,0.36538061267570643
693,249.68314115940512,0.01,0.45230824675771497
694,266.6589079657217,0.01,0.43816607932631785
695,277.12421088143043,0.01,0.48242280248309916
696,259.6676602152338,0.01,0.4183044159176326
697,255.26325013854427,0.01,0.4168809883949625
698,267.4258563925713,0.01,0.4325325503499092
699,38.489688563275706,0.01,0.6023418006872565
700,261.812463840775,0.01,0.47013263182865606
701,252.73311539332792,0.01,0.44606405153138445
702,249.0636743360817,0.01,0.4663603637154613
703,246.79882260859455,0.01,0.4724338469371153
704,11.074905556549169,0.01,0.5448099009104466
705,249.27679967371006,0.01,0.4798900307956296
706,145.3844958755408,0.01,0.4904313565213233
707,39.003379458791215,0.01,0.5794694678085607
708,252.48396728780187,0.01,0.47165868853776505
709,269.75211814942935,0.01,0.4106675180183216
710,-0.41716633321675545,0.01,0.7511995385724063
711,270.07396401071685,0.01,0.5645934903142296
712,273.7775151446743,0.01,0.4379068498275484
713,262.8126020007519,0.01,0.47959431796334684
714,55.234496559205894,0.01,0.3605346358345665
715,279.4836851459942,0.01,0.3973155627366291
716,242.18865693504353,0.01,0.5159904082389309
717,-14.434300011234,0.01,0.49644602715436903
718,254.9354295416605,0.01,0.433238123793916
719,24.54295674898715,0.01,0.41268808019340486
720,-60.49899689099048,0.01,0.5044323382019414
721,281.79181912259344,0.01,0.5872107312615429
722,40.071410658014145,0.01,0.4797421365325886
723,276.23983227542794,0.01,0.5134793360259652
724,282.60190145758986,0.01,0.5156537497779197
725,16.903036624061173,0.01,0.5115176988867941
726,-33.915465515007796,0.01,0.5694089249695
727,267.1029401332623,0.01,0.5020751188344815
728,265.067152922075,0.01,0.4931738677553434
729,29.850234683077417,0.01,0.5712874627187232
730,252.98731419443774,0.01,0.567376540654472
731,55.83365898066998,0.01,0.5273829699158669
732,267.61092485465565,0.01,0.5486867792333348
733,262.60661793310635,0.01,0.5249014596659236
734,262.8273134218941,0.01,0.4714797374165658
735,280.8747044285416,0.01,0.5509382498312188
736,284.9362688675115,0.01,0.4307464858604558
737,50.23228091343168,0.01,0.5063747381333445
738,270.70201647979195,0.01,0.5461400837916488
739,266.195984386447,0.01,0.6748289220427212
740,274.42386188569674,0.01,0.6257061460720641
741,289.59270499042407,0.01,0.5469796933788569
742,240.56391191241948,0.01,0.5179438505649239
743,245.802356978816,0.01,0.5151796635683412
744,227.49362853463157,0.01,0.6091387949129876
745,267.2211721880318,0.01,0.4441533702673442
746,260.1195655347466,0.01,0.5053379101672147
747,13.886107776419522,0.01,0.471560160525971
748,-240.04172858592835,0.01,0.4928011646127847
749,62.02209386700022,0.01,0.5843302400112153
750,271.8677420067155,0.01,0.564475503959693
751,-1.2046905256594727,0.01,0.7486163113400879
752,257.6172670546838,0.01,0.6690506458834365
753,232.20737451673227,0.01,0.7409401582980079
754,257.1992394242309,0.01,0.654864666104879
755,276.5129826687384,0.01,0.6366605666739431
756,-94.96724918302912,0.01,0.691059973605801
757,268.2353870802499,0.01,0.5799149943360998
758,-66.32150902079024,0.01,0.7501302946891103
759,297.0815453944384,0.01,0.5829218812549198
760,18.697506036388546,0.01,0.6969664192730838
761,274.0451274919235,0.01,0.6564994246193341
762,81.44966769636295,0.01,0.5944307749529206
763,258.94017031883754,0.01,0.7552324350562788
764,-68.49119947014597,0.01,0.7983472119974956
765,269.72550404973856,0.01,0.7676928721405752
766,1.5290482548457192,0.01,0.49057636204046934
767,8.030377329182798,0.01,0.7723851534404925
768,22.84252669358409,0.01,0.7247447113455073
769,169.24829634834208,0.01,0.6839659226574004
770,-17.0259941457295,0.01,0.7628434336419856
771,260.8896972840963,0.01,0.7398269097370807
772,256.97984000404836,0.01,0.6530373135398402
773,119.36191202408011,0.01,0.6718587959297001
774,246.87352653675563,0.01,0.6448473348082967
775,270.99839621646413,0.01,0.6026887183226425
776,238.61075981007218,0.01,0.6450942947018531
777,246.48184501141296,0.01,0.5044194487244802
778,260.62484312958,0.01,0.7220158978074631
779,146.30583906149414,0.01,0.5638901337385177
780,33.81098225148193,0.01,0.5097670845555521
781,254.48602910106197,0.01,0.6442552209774933
782,158.19471362926274,0.01,0.5298585787583142
783,-17.047504639131944,0.01,0.4235189170289187
784,35.38507735646317,0.01,0.5410827354232712
785,36.34360070270796,0.01,0.5913607893729365
786,52.450843749752096,0.01,0.6672748666079271
787,277.75959076000777,0.01,0.5491701392565183
788,-5.742153845634377,0.01,0.5365110999305865
789,207.82577180550462,0.01,0.5255563311407915
790,59.27227720177888,0.01,0.6653649087167448
791,212.98671325798654,0.01,0.5808906843088804
792,-21.04604037367514,0.01,0.5412843764194699
793,-127.92775109600244,0.01,0.5427011675314932
794,222.45551420939694,0.01,0.5176173167789112
795,38.29746663472588,0.01,0.6985295810780235
796,230.18875158398447,0.01,0.5578734788684807
797,24.34278444713432,0.01,0.5904807660383048
798,52.98611680387782,0.01,0.4740211745258421
799,261.9345311965988,0.01,0.6102855832593915
800,276.1031021413171,0.01,0.5191427536807848
801,58.25791712509701,0.01,0.7115240826542619
802,257.4352534192278,0.01,0.6239691813573188
803,51.96195168919786,0.01,0.43116055000732595
804,264.54374145322265,0.01,0.4819353338595189
805,148.9722152594086,0.01,0.5277813584022224
806,-3.26579753370018,0.01,0.526056283266171
807,242.4597368203667,0.01,0.4551527742175112
808,19.320306794115723,0.01,0.4062350522552695
809,2.1647417984332833,0.01,0.570427265242432
810,253.79395112398635,0.01,0.6435006716538493
811,263.0051418848142,0.01,0.46390648233107956
812,39.51823916588563,0.01,0.4890975791084416
813,-6.249506600678586,0.01,0.6182449034332109
814,282.29233876215966,0.01,0.5492224704730743
815,247.41625556859955,0.01,0.5880039537330523
816,252.5290201352893,0.01,0.5863157988323713
817,30.120646612763636,0.01,0.6694074396750537
818,-18.85939428016168,0.01,0.6703097719121082
819,262.07870938374464,0.01,0.609952325801217
820,268.10368826113,0.01,0.5844288714277216
821,275.95230584434955,0.01,0.6541304096883293
822,17.62851055413995,0.01,0.628312605883806
823,227.92972406971097,0.01,0.5449727924998243
824,13.88452210396197,0.01,0.5015930439676007
825,236.83783831039761,0.01,0.5965619873597369
826,23.068645661246862,0.01,0.4917496559711603
827,28.260952544541624,0.01,0.5704593039117754
828,218.72640356990735,0.01,0.5907618606872592
829,13.79204064431191,0.01,0.6197938210907437
830,233.14782467049912,0.01,0.6363495790568374
831,256.3071691609822,0.01,0.675423494875985
832,-10.314495052133225,0.01,0.7581668484079487
833,256.9074382567534,0.01,0.5400030412325624
834,50.28989978758344,0.01,0.5963929897366926
835,249.80106087655867,0.01,0.5366160660145842
836,-12.219928027788924,0.01,0.5959172869144485
837,13.958269005307557,0.01,0.6271743879310394
838,43.451723306060586,0.01,0.783520123394935
839,273.94030808205343,0.01,0.6568580234031144
840,255.4971347511826,0.01,0.5612455068284091
841,40.60955910182807,0.01,0.6474373312223525
842,23.86434224045115,0.01,0.5988572121707982
843,276.3013462443335,0.01,0.6506602044345633
844,19.140468340494508,0.01,0.8279918923395352
845,136.1351626601587,0.01,0.6695634537637234
846,127.01358944796034,0.01,0.6416272900346667
847,-1.1829852160532681,0.01,0.6531876345804657
848,221.97460426717151,0.01,0.4830343839110566
849,153.07028146447846,0.01,0.6110028412807733
850,35.84449460416002,0.01,0.5792904021435006
851,288.2450999082373,0.01,0.6910084564285942
852,11.20937415870668,0.01,0.48946162719856684
853,-43.637041212761574,0.01,0.5153881026902697
854,25.227536139030462,0.01,0.6250555699604542
855,-11.189297196054895,0.01,0.43855427560138416
856,272.7050685306355,0.01,0.6378540470524952
857,-6.144841606077392,0.01,0.45600051000112235
858,-9.042083475383762,0.01,0.611110235822488
859,278.77206820436686,0.01,0.6668374137394131
860,260.11283082680893,0.01,0.7043329059005443
861,-9.475885834302531,0.01,0.7622403769443432
862,287.1018124461165,0.01,0.6547179677743353
863,-12.15365824580418,0.01,0.7136077629641081
864,10.051010693390367,0.01,0.6032499000954796
865,255.97200736395706,0.01,0.5801144493329856
866,-42.19504888227118,0.01,0.5682920196419021
867,258.3521766082756,0.01,0.6311174662666278
868,-61.00937828460192,0.01,0.5859844799188874
869,-19.71586778112102,0.01,0.9579372153862526
870,-5.8977770985818125,0.01,0.7200307732269372
871,-9.73230781339879,0.01,0.7036323464475572
872,20.4702769499051,0.01,0.8376594220735426
873,279.6520559857539,0.01,0.6341218868749482
874,12.919007660959906,0.01,0.7733411306496893
875,236.90590118943453,0.01,0.7303626794672134
876,226.36092500410425,0.01,0.6831704435861988
877,254.7844002275513,0.01,0.6696422027590674
878,217.53610760525692,0.01,0.715399834663054
879,290.2296281652091,0.01,0.7649390288602768
880,25.493850970358295,0.01,0.6957700533481935
881,259.57859256474615,0.01,0.6874585789972789
882,27.532181285293206,0.01,0.5963880393902461
883,-4.0069986122860115,0.01,0.6905507647328907
884,32.85980763682389,0.01,0.8259438179693249
885,267.2496421718346,0.01,0.7223211504794933
886,284.91934238014994,0.01,0.7609640896171331
887,-12.786251215331745,0.01,0.5603290079937627
888,251.2821362714996,0.01,0.7273124712605902
889,260.939345410675,0.01,0.6166643690317869
890,53.07248263402826,0.01,0.5933434934769239
891,274.16412548661106,0.01,0.7192608281766297
892,239.08916839761804,0.01,0.7906994016936225
893,244.69345451116487,0.01,0.7924400664744576
894,10.324045448649414,0.01,0.7363277234205412
895,250.13860699558157,0.01,0.7040559679269791
896,264.18107996578317,0.01,0.6850159639025114
897,20.718627922477467,0.01,0.6861767248129067
898,254.34599202463193,0.01,0.8187260194522579
899,269.57622001192135,0.01,0.859515371302865
900,-3.5276335064167483,0.01,0.7457029507176517
901,277.00715623345314,0.01,0.817630373496587
902,294.06008366339665,0.01,0.686714996204704
903,269.6252460152207,0.01,0.7414024845518247
904,265.42596124863724,0.01,0.7031407757110186
905,169.4379676356104,0.01,0.6745596193037927
906,304.32621901275684,0.01,0.7055186154513933
907,-24.179208396836543,0.01,0.8412521338888577
908,287.26876739831584,0.01,0.6646066584965724
909,28.198965984416418,0.01,0.5728451386094093
910,283.3262425812623,0.01,0.5553269663803008
911,-1.7031950851823865,0.01,0.6932557434720151
912,268.23008801615515,0.01,0.5899598431553095
913,278.63452927829195,0.01,0.5690580253855566
914,240.17927568666084,0.01,0.5939283641688164
915,47.314686820595,0.01,0.4891780508174138
916,74.00088601919992,0.01,0.5199944042953951
917,288.2841719428958,0.01,0.582133071226928
918,29.13501059499154,0.01,0.7633436774480934
919,14.234215182655277,0.01,0.6149902330240705
920,-8.829966564967819,0.01,0.5749748722830815
921,-11.496035432344982,0.01,0.627254734735891
922,259.5145742462595,0.01,0.6889120656315509
923,297.4367337828895,0.01,0.6602240021387904
924,21.10091202940734,0.01,0.6209842097901163
925,271.9202481425723,0.01,0.7183394919820997
926,-3.838002885935154,0.01,0.5185700828120822
927,49.43841979990228,0.01,0.7297764560889181
928,294.7554773277134,0.01,0.5639874662928007
929,3.690843802716415,0.01,0.6818511156582987
930,272.7559738718216,0.01,0.6127775393456953
931,292.4132093690496,0.01,0.6188793068589724
932,255.0058238506424,0.01,0.6655704580586065
933,13.685606380060833,0.01,0.7259488121739456
934,274.9158810596681,0.01,0.5662224769434373
935,-17.422259443766592,0.01,0.6138534609009237
936,263.3596665532282,0.01,0.47882084789822194
937,-2.1442941148152954,0.01,0.6653715988248586
938,2.8232565489464037,0.01,0.5665001473708512
939,273.8118582366301,0.01,0.6172815157935537
940,22.03437217527508,0.01,0.6008070243477095
941,26.477050763798033,0.01,0.6569030673316355
942,35.59267653220314,0.01,0.7718295622258805
943,10.747931752252512,0.01,0.7270839764651927
944,302.1859037261052,0.01,0.6525332964215935
945,257.1861309951968,0.01,0.5586327785573952
946,-21.178075714952328,0.01,0.625165014454488
947,20.282152063400346,0.01,0.7476372464324337
948,42.932784373988284,0.01,0.5066206799221968
949,269.8752016314331,0.01,0.6430138318267252
950,7.954394611922538,0.01,0.55123546490013
951,312.2848513424918,0.01,0.6605269272202327
952,-16.346736515076074,0.01,0.6594868948318294
953,-46.95947646754439,0.01,0.5487971584766339
954,268.15781715913914,0.01,0.6418039215892031
955,220.88574105789294,0.01,0.6877681306767754
956,39.24959552086381,0.01,0.8379925891668314
957,266.86610600355056,0.01,0.963651085212346
958,276.55303071868025,0.01,0.6643159002529708
959,261.0174377758993,0.01,0.7993345879422032
960,255.89583827716297,0.01,0.6349535347308431
961,262.4839130501248,0.01,0.6862893546728984
962,255.30536756214468,0.01,0.7954034062260288
963,270.57099033799454,0.01,0.6677818980608736
964,270.9298299852668,0.01,0.7847931491980209
965,0.3050649051240697,0.01,1.0039970323443412
966,-9.929904376482213,0.01,0.7206345890604314
967,275.9230799737933,0.01,0.74315164679062
968,46.51111254371321,0.01,0.6187659016361943
969,50.335011255082804,0.01,0.6713489112330646
970,282.4630105110184,0.01,0.8017935979939801
971,-16.3158340397695,0.01,0.7757979535525388
972,274.700068362848,0.01,0.7507017233151164
973,246.74974893472745,0.01,0.7621056777238846
974,269.78770107113803,0.01,0.8852677734293899
975,39.58453292060355,0.01,0.8376391890845941
976,33.99653003479247,0.01,0.7370575722829203
977,-16.646001249692674,0.01,0.995715490610976
978,-18.927941259632078,0.01,0.949540163247058
979,56.719913217704686,0.01,0.843572064649825
980,11.14779099905931,0.01,0.8237316753057873
981,243.24413154967885,0.01,0.8811075237804445
982,25.87138345691143,0.01,0.8498855806956781
983,276.7611125381062,0.01,0.8932944658632372
984,-21.55482080959169,0.01,0.7626373613075841
985,-48.5318211095409,0.01,0.8520934493280947
986,286.0700741546524,0.01,0.8238337910243947
987,265.26192799534795,0.01,0.8327795791750153
988,170.96129898485356,0.01,0.9593697513488156
989,280.98019848978186,0.01,0.9203910330655398
990,289.3170459055349,0.01,0.8743177215895943
991,263.6211611998666,0.01,0.7974662145276735
992,4.2774785895898475,0.01,0.8884346636552964
993,243.21457371904518,0.01,0.8655537608567447
994,16.66353134581759,0.01,0.6781198589094714
995,-15.864783968532123,0.01,0.7494052963124381
996,23.951448935366656,0.01,0.8745417781174183
997,26.11841047884458,0.01,0.914916585534811
998,-200.9035692863319,0.01,0.92305465521557
999,256.15665940914585,0.01,0.886172600241529
1000,-2.3743462180240016,0.01,0.9061787863820792
1001,38.25971910138185,0.01,0.9579863138915448
1002,43.48032467964666,0.01,0.7470552755502967
1003,275.0528951721896,0.01,0.9842603427238305
1004,-29.714275902579956,0.01,0.8728069013001722
1005,270.6166372829768,0.01,0.9104023937668119
1006,287.46152870796504,0.01,0.9735340933251825
1007,267.4047569371604,0.01,0.9182144576819703
1008,-8.337217399116241,0.01,0.793391898035621
1009,277.86579271461665,0.01,0.8465995619970339
1010,262.9115907551054,0.01,0.9086307441120717
1011,273.0623322572139,0.01,0.8975061777119453
1012,-96.479479210747,0.01,0.9361135532941531
1013,-394.2562987526317,0.01,0.9459556316584349
1014,63.74210047749463,0.01,1.0351068536608905
1015,-47.21565050211754,0.01,0.6954896291861168
1016,279.09327587295047,0.01,1.0547410172932759
1017,-44.18324847974881,0.01,0.921316554662825
1018,285.5551661004991,0.01,0.9281673090374885
1019,273.5725727534258,0.01,0.8913234728481995
1020,267.1439696912988,0.01,0.9603529358297634
1021,275.7015222363671,0.01,0.9501399535056151
1022,40.2624088602079,0.01,0.9872022442204852
1023,238.79783768010972,0.01,0.9109050469921179
1024,256.9129971008389,0.01,0.9097986500232648
1025,28.914280744268524,0.01,0.7436012920330871
1026,267.8196743114062,0.01,0.8054866688936038
1027,27.057395911900784,0.01,0.9627788585864685
1028,289.81201750254337,0.01,0.8039175650725762
1029,266.5221685388623,0.01,0.6739092392391629
1030,-5.044120035236574,0.01,0.7740295100792319
1031,259.8756457248636,0.01,0.8307656280414755
1032,34.356917872306326,0.01,0.6955332330486796
1033,29.96557755977264,0.01,0.7772651740962321
1034,270.1060161004931,0.01,0.7947103188510435
1035,234.71105264441292,0.01,0.6924415446643593
1036,0.5616905091975752,0.01,0.7131669720536784
1037,10.109527603462013,0.01,0.7595489172332258
1038,258.3566531752001,0.01,0.7389106834048612
1039,50.018660631160714,0.01,0.784644276731544
1040,-5.0142494890336025,0.01,0.7014810039716608
1041,270.9507037647623,0.01,0.7588338336417074
1042,229.66772592496935,0.01,0.6574848178353887
1043,31.84278382681194,0.01,0.5865485943622231
1044,272.2192165683916,0.01,0.5812235115348694
1045,-11.386808417401227,0.01,0.571155832377526
1046,278.84335619928265,0.01,0.619220515863309
1047,-4.626920248702163,0.01,0.4494597084473732
1048,280.7229281097036,0.01,0.6144058224566452
1049,-0.4645361714770644,0.01,0.8330648390214834
1050,19.661036574066244,0.01,0.7198505842437347
1051,-21.745332381806747,0.01,0.6669026535995509
1052,40.99007770772357,0.01,0.7515718532075365
1053,259.3388381464942,0.01,0.6893114948295542
1054,266.8690527702382,0.01,0.7095862793925721
1055,45.10571284099251,0.01,0.6278229273380117
1056,256.3808433374845,0.01,0.7411927819147567
1057,263.671725694894,0.01,0.5515104660363955
1058,288.2024278821597,0.01,0.5531964430233418
1059,297.24190019535297,0.01,0.5791442263122324
1060,269.03367074109065,0.01,0.4939521769609521
1061,252.7341165720593,0.01,0.5372626218371667
1062,52.05413011409087,0.01,0.5456219799174317
1063,278.80810450727427,0.01,0.54104043859002
1064,9.146451202428352,0.01,0.5103408728260547
1065,24.054527314623968,0.01,0.66924539749959
1066,297.08063955652347,0.01,0.5455826770287616
1067,-196.1630799836529,0.01,0.5747711987472898
1068,292.24976817577874,0.01,0.47304540767565667
1069,110.85812692967423,0.01,0.5737121443673968
1070,250.49670530677815,0.01,0.6619898310170493
1071,-115.3442477546691,0.01,0.5207995384147293
1072,261.2386776511374,0.01,0.5634904270392119
1073,45.83857686312214,0.01,0.6148012714402284
1074,35.556625090536414,0.01,0.7643903978834194
1075,277.9821496162148,0.01,0.6390624503041372
1076,13.595723042879015,0.01,0.6730493203062435
1077,283.83130522821574,0.01,0.6247018493107848
1078,262.96605376496484,0.01,0.45284633669588303
1079,261.49332574911443,0.01,0.5331421027061205
1080,-0.7949897054066781,0.01,0.5625907743533889
1081,267.0186553931834,0.01,0.6322347466985907
1082,281.9348336133088,0.01,0.598561556296952
1083,119.8323702725854,0.01,0.5398191887624562
1084,49.81585898104353,0.01,0.40812073019119577
1085,255.0631690428081,0.01,0.5667841446991185
1086,11.191173798701485,0.01,0.525303566345462
1087,-410.61205084503115,0.01,0.5179317990753485
1088,281.0618599242814,0.01,0.6281572275702864
1089,257.16615084694195,0.01,0.6045529415172316
1090,269.51287780193286,0.01,0.5337247139518242
1091,280.83472286076585,0.01,0.5537012136137148
1092,260.5787999362452,0.01,0.5668276439766201
1093,286.12742114560876,0.01,0.4920355816963713
1094,279.7454882912613,0.01,0.6012782879794637
1095,34.02351716751815,0.01,0.6586994986081945
1096,192.9279057643163,0.01,0.5274784858967807
1097,277.8660133160579,0.01,0.6462733361002517
1098,-283.09916467024556,0.01,0.5969262025400734
1099,266.6499080987978,0.01,0.5803492561251193
1100,244.81254776935083,0.01,0.5223764346660794
1101,256.80590915056507,0.01,0.6011672019139751
1102,299.5889121506214,0.01,0.5644173752400816
1103,-63.43314807106667,0.01,0.5787313954517392
1104,17.216634933968763,0.01,0.6947908323778901
1105,273.0125938427344,0.01,0.569125571241904
1106,250.14433099992152,0.01,0.5846477411221713
1107,243.3541419757135,0.01,0.5920263719345842
1108,247.67038638798618,0.01,0.6599000906772751
1109,49.54681934469605,0.01,0.538750375179868
1110,272.3913546179176,0.01,0.5090283302764698
1111,290.6207658929391,0.01,0.5182312720681768
1112,6.965068116726471,0.01,0.5119201146822044
1113,273.8768755448816,0.01,0.5177577223451365
1114,-11.546039605371135,0.01,0.5213373731617089
1115,259.89174279615156,0.01,0.572252568177022
1116,251.77897081831213,0.01,0.5917582787710045
1117,43.4306650257484,0.01,0.6622638947252805
1118,33.21542259842607,0.01,0.4241819076736768
1119,258.197643072975,0.01,0.6183701814238679
1120,292.775017965213,0.01,0.5896035707796148
1121,-12.809178372024249,0.01,0.6340206196065992
1122,-23.034350095316697,0.01,0.5726594402405777
1123,248.86005837700475,0.01,0.6266826631501317
1124,256.33996712250575,0.01,0.5645583619042641
1125,45.93834825155997,0.01,0.4122907265792696
1126,-12.857913633544484,0.01,0.6085216666758061
1127,286.65243330228014,0.01,0.5960688432584029
1128,232.61874740370206,0.01,0.5625706287847961
1129,146.83919924859816,0.01,0.5607795579396189
1130,-4.458614592427637,0.01,0.5295649666120025
1131,-456.3481704819187,0.01,0.4831229236263495
1132,-7.57022819812083,0.01,0.551568377216657
1133,29.3093748927611,0.01,0.5835438529556652
1134,239.91658358364003,0.01,0.6327546986241667
1135,30.090026883573557,0.01,0.598291526355271
1136,284.61812832469604,0.01,0.6101470444205026
1137,50.37916985735379,0.01,0.6974370279746462
1138,20.804231042700636,0.01,0.5905466063197741
1139,12.178824094125432,0.01,0.5818732936794941
1140,48.62548101379494,0.01,0.5768733486614149
1141,244.3791869863837,0.01,0.6534678839350573
1142,45.5781097136404,0.01,0.51663255224477
1143,289.5681934996698,0.01,0.6265255016141704
1144,260.12574050566434,0.01,0.5379274567719876
1145,45.320221082229324,0.01,0.493809854115049
1146,-38.53228733711603,0.01,0.5529126724312928
1147,260.3327554278313,0.01,0.6133996644373393
1148,-250.7415140722013,0.01,0.6443873892227808
1149,-251.00611797932712,0.01,0.7736635904154207
1150,46.68680149950643,0.01,0.7513878710749673
1151,260.14426333225947,0.01,0.7422729180284766
1152,32.567375303139784,0.01,0.7362043266622429
1153,5.569642926813728,0.01,0.8134830224717784
1154,265.74268535377087,0.01,0.7876735027728742
1155,-403.94717875329565,0.01,0.7563286735252901
1156,272.85986184074676,0.01,0.8350202957024941
1157,297.28505041654677,0.01,0.7981953827149056
1158,265.2959314273488,0.01,0.6516175513466199
1159,236.5397068119252,0.01,0.6668152571253386
1160,-16.333856834371716,0.01,0.5848198860714381
1161,27.644068272541276,0.01,0.6668296547508553
1162,55.07451586389945,0.01,0.7369241752426758
1163,-0.709508053006715,0.01,0.8208486398924952
1164,239.45638464098204,0.01,0.7356255782370487
1165,-47.588550341789905,0.01,0.7911800509826703
1166,3.493508394433789,0.01,0.8894217529579213
1167,27.13075216434528,0.01,0.6324338768513835
1168,4.560541779680122,0.01,0.7794577258561427
1169,285.59835901960093,0.01,0.8254787475703149
1170,20.310295977559704,0.01,0.9344989111490338
1171,61.63535819715534,0.01,1.0008307530592053
1172,-18.74700316495536,0.01,0.8166340451549601
1173,-37.43824516171702,0.01,0.8815675486738865
1174,-217.68113199063157,0.01,0.8616427797192739
1175,252.31802215904668,0.01,0.8525667750146441
1176,273.3238866090376,0.01,0.8293845307673036
1177,299.9661366949665,0.01,0.9939032618020629
1178,25.108682816503347,0.01,0.8300082285614575
1179,10.572232100397812,0.01,0.8764558164278666
1180,-9.088655961328556,0.01,0.8432034445418553
1181,29.264982290782683,0.01,1.056283126815711
1182,19.024740717605354,0.01,0.9459115782717489
1183,-9.946027373050484,0.01,0.8934604096543658
1184,-43.03997017611564,0.01,0.92073767107466
1185,28.832108333278683,0.01,0.8885459303855896
1186,254.45082850415548,0.01,0.980876573943533
1187,25.31787475921122,0.01,1.121554501961137
1188,31.691527729726033,0.01,0.9477770013674613
1189,39.40317938849233,0.01,1.0784098594575315
1190,30.254942484642697,0.01,0.9500883774289602
1191,20.519440758674364,0.01,1.2636065865496555
1192,-31.526233584916568,0.01,1.3084253276649274
1193,245.77480387534885,0.01,1.0815746190233364
1194,240.2818152452308,0.01,1.1665926238314972
1195,42.48082832998173,0.01,1.1881589273274955
1196,288.9607924615427,0.01,1.0815190048636616
1197,-23.703172325137615,0.01,1.1290132453044255
1198,270.9752704193087,0.01,1.0968909773638922
1199,286.95267742739054,0.01,0.9973341316383865
1200,281.8079968044824,0.01,1.0132383239304947
1201,281.1581599519435,0.01,1.17720249455846
1202,32.533550523392904,0.01,0.9969929556938864
1203,12.22474301775172,0.01,1.3118788798167869
1204,272.9107649771911,0.01,1.1870456893321308
1205,255.47730841292767,0.01,1.1037889128018272
1206,25.962657846260086,0.01,1.056946533093275
1207,-182.1989476792478,0.01,1.1939938207658438
1208,167.09335640785045,0.01,0.9961790424548089
1209,241.1090047881162,0.01,0.9211238906729116
1210,12.759624842105069,0.01,0.856976803900166
1211,300.29604753523466,0.01,0.9465437219289772
1212,16.6151335056294,0.01,0.7690463751035778
1213,196.1253177847827,0.01,0.816997351963073
1214,274.2934091239705,0.01,0.6956582104488795
1215,142.8881346247022,0.01,0.635263487322256
1216,281.1844584012837,0.01,0.45754173313055124
1217,-71.2361914174467,0.01,0.46545055717052447
1218,254.42139106965243,0.01,0.5366920345017444
1219,59.5692050687143,0.01,0.49977858543589515
1220,151.32091053038985,0.01,0.4694402839858085
1221,0.08613568869364485,0.01,0.43513155433281164
1222,173.29275760347014,0.01,0.43289316875487566
1223,249.1819619134394,0.01,0.32470169486860706
1224,-6.630520781159547,0.01,0.3602581883290994
1225,275.912941829253,0.01,0.39954635086986756
1226,258.75024441397227,0.01,0.34234280853062615
1227,37.33219354726569,0.01,0.35241221877009565
1228,-20.373035802237624,0.01,0.34385699161181327
1229,26.55123350492221,0.01,0.35787226067623124
1230,27.117527530386297,0.01,0.40566510410912066
1231,11.218791805851566,0.01,0.5211820164401281
1232,262.1763049846608,0.01,0.37322279438376427
1233,271.84576995685694,0.01,0.4165906038189067
1234,174.4631439322596,0.01,0.398719422807917
1235,283.0002758084585,0.01,0.39008554287599345
1236,-221.84469912718652,0.01,0.33289670208959204
1237,255.77195048492035,0.01,0.4088781827420232
1238,-42.09935087038179,0.01,0.48935828552930616
1239,14.283148958202986,0.01,0.3562603843483058
1240,281.0595917624195,0.01,0.5291423859295025
1241,-307.60426601399627,0.01,0.4078926327374746
1242,27.109182321967594,0.01,0.4550122246146202
1243,286.33136507051483,0.01,0.43507303227298555
1244,290.87804767297877,0.01,0.4869443965809686
1245,257.9475287974393,0.01,0.508761912307569
1246,262.2908313105032,0.01,0.5950989178849749
1247,271.71068765360917,0.01,0.488512305309996
1248,265.2723401701976,0.01,0.4967696791165
1249,267.90422772171155,0.01,0.4515511024851298
1250,32.77091834889018,0.01,0.33951397569941694
1251,261.35054334064034,0.01,0.5419751188252121
1252,255.57805362894288,0.01,0.4723396175228559
1253,53.585610626200605,0.01,0.5212242518663406
1254,259.4063078674696,0.01,0.5454494310062878
1255,156.91795516663544,0.01,0.4540299103613943
1256,271.0161218751406,0.01,0.4463513569918449
1257,55.28573061855158,0.01,0.4664495166042726
1258,275.2851158488299,0.01,0.37295581692506685
1259,298.1110823207323,0.01,0.4489503319446857
1260,267.2148471377014,0.01,0.42252945465658176
1261,220.7798475713538,0.01,0.43534818122210484
1262,37.7117795576942,0.01,0.47159683540986297
1263,275.06636790258085,0.01,0.48762973888466754
1264,286.696731803802,0.01,0.5122641659381857
1265,253.0246494452876,0.01,0.4485226443562752
1266,291.78228694871177,0.01,0.47772962439805267
1267,-14.438007865886263,0.01,0.4707184003618283
1268,265.45304891735617,0.01,0.4594292116013512
1269,41.59565167615119,0.01,0.5463458769196687
1270,47.843323008807005,0.01,0.6750778525136412
1271,286.4057159743745,0.01,0.6206177854348742
1272,33.237266969172595,0.01,0.4847514371319515
1273,273.09453592119223,0.01,0.48308028313631374
1274,271.4410605821115,0.01,0.4815488505250511
1275,6.4384681315510335,0.01,0.4300659983605146
1276,271.8614914511236,0.01,0.43613853891888127
1277,246.86470582848463,0.01,0.4635229487066604
1278,48.07532481475454,0.01,0.31416117183623776
1279,63.40663189627955,0.01,0.4037338493821713
1280,255.93032047821177,0.01,0.4483704612196643
1281,68.1202013401766,0.01,0.5326249620787078
1282,60.31483692140739,0.01,0.5251735237881888
1283,239.65233793702575,0.01,0.5200840181945001
1284,254.58242949856503,0.01,0.44319454480313397
1285,59.08840881643613,0.01,0.43867593152869133
1286,293.492631305762,0.01,0.40800528671100456
1287,293.97761062936036,0.01,0.45414361143357135
1288,289.20115215529034,0.01,0.41597449502708744
1289,302.24496561074636,0.01,0.40743295100819704
1290,250.12582528755038,0.01,0.5122149683959744
1291,267.7188984477777,0.01,0.5274894653557796
1292,272.70003412107326,0.01,0.6215225028830605
1293,148.55332633036198,0.01,0.4852752459309995
1294,272.5064530337132,0.01,0.4893382837901176
1295,21.83471419473699,0.01,0.4882819876074791
1296,305.1947840655568,0.01,0.6272964368904791
1297,-36.27816724496052,0.01,0.47545333555404173
1298,288.24042045365445,0.01,0.5293108320117674
1299,282.3768054210022,0.01,0.5763611694391089
1300,268.17946390606835,0.01,0.5155813214679559
1301,251.186659499174,0.01,0.5595364551097155
1302,13.159892413338952,0.01,0.47774346584899235
1303,-10.460584098551209,0.01,0.4626885426044464
1304,284.8943494734913,0.01,0.5635893423811044
1305,26.271334569738144,0.01,0.5719300140027362
1306,294.979453051534,0.01,0.458107445459654
1307,238.40777068575815,0.01,0.6038324927924892
1308,307.1247449427777,0.01,0.5180748725612448
1309,38.001135682511006,0.01,0.4684952230039817
1310,-96.00267325807981,0.01,0.5600589444691485
1311,61.85189942684329,0.01,0.6001059574667703
1312,46.37955451743338,0.01,0.7344843466988707
1313,247.26881996817954,0.01,0.5247648985572777
1314,302.96807522045924,0.01,0.5299267129129952
1315,166.5076019771757,0.01,0.5044595394916832
1316,47.47240316635731,0.01,0.6471567979630302
1317,-225.5730134725103,0.01,0.5175926781224983
1318,15.914115588165004,0.01,0.5688264047746191
1319,257.12994265239445,0.01,0.7248042217014652
1320,292.02984623115697,0.01,0.577086900459493
1321,314.564348539152,0.01,0.5919161486424139
1322,27.946277990984868,0.01,0.5653090574538585
1323,54.77652754962216,0.01,0.5296696224821764
1324,274.18677358756383,0.01,0.5607422910742322
1325,38.96196865531721,0.01,0.42608690735968674
1326,245.63478849791227,0.01,0.5984919271050717
1327,290.32322039447183,0.01,0.5716051375625822
1328,283.28803928704247,0.01,0.5262748625948716
1329,266.64859804160426,0.01,0.48925362024250063
1330,241.4682173233527,0.01,0.5298646178542952
1331,31.378527903452067,0.01,0.6570322533957978
1332,35.104228142987125,0.01,0.6784789357334375
1333,260.83672472302476,0.01,0.4885017002543694
1334,281.0454888765188,0.01,0.7124514546542661
1335,243.6150655827589,0.01,0.5693685711098359
1336,255.70072023237174,0.01,0.7620790366167776
1337,246.71804102393156,0.01,0.5368457274748782
1338,257.0105339435046,0.01,0.5908582238662043
1339,181.76184049937845,0.01,0.6217829415537417
1340,7.609769955749314,0.01,0.4705342267777107
1341,281.06042735286337,0.01,0.5121844263215151
1342,8.82772203621191,0.01,0.4797394500501388
1343,276.86050981655933,0.01,0.5684136507282062
1344,248.92438069201486,0.01,0.4811099361647747
1345,50.59487533311798,0.01,0.5830706365189506
1346,240.82189659024385,0.01,0.6985904402401927
1347,268.2565248217096,0.01,0.49988639381849886
1348,36.35166326045561,0.01,0.489476133614432
1349,195.98379255313105,0.01,0.5528641720321029
1350,289.4868391741189,0.01,0.5451087900454598
1351,234.5351273394611,0.01,0.5323922966304537
1352,4.140564028885237,0.01,0.5408132979267739
1353,12.850249097599033,0.01,0.5853034843007724
1354,12.490461133255408,0.01,0.553331356103483
1355,161.895650302626,0.01,0.47819829609431325
1356,305.17152009639426,0.01,0.40258538279841294
1357,260.24705662528936,0.01,0.3270131915481205
1358,281.4416620062956,0.01,0.4077893186171176
1359,34.56516206553812,0.01,0.3143488810499116
1360,313.1675657687824,0.01,0.4058915822624915
1361,16.424311559098882,0.01,0.33564616743843634
1362,31.76489031344056,0.01,0.4680354546790368
1363,254.00754001046926,0.01,0.4989592570994721
1364,270.08508269732584,0.01,0.43994061639975934
1365,58.58035609586611,0.01,0.3955342020490207
1366,298.37262215627425,0.01,0.4509850001137238
1367,303.4644465900187,0.01,0.4203422139769634
1368,56.81910075904227,0.01,0.34817746065726335
1369,279.0629049505835,0.01,0.46079893112547843
1370,286.75302836827444,0.01,0.4866378251835704
1371,239.8079686993144,0.01,0.5049912454970071
1372,304.0397764157001,0.01,0.5325028213590164
1373,293.73653578234064,0.01,0.5019774942925559
1374,272.77965459887525,0.01,0.49617044139624567
1375,26.098809757107205,0.01,0.5575738825059185
1376,289.168961529639,0.01,0.5317603686227671
1377,249.63508074847425,0.01,0.5568051367571438
1378,303.1197347151948,0.01,0.562531188201112
1379,284.5310243295239,0.01,0.46121457213563705
1380,298.2607812181741,0.01,0.5506908569340278
1381,302.8548723430985,0.01,0.5058053091168404
1382,269.57134308893205,0.01,0.5843471169566653
1383,274.1698867673582,0.01,0.5152396641750919
1384,26.714740877354657,0.01,0.39449654637022064
1385,60.637040619035815,0.01,0.4926414806395769
1386,254.42938645111678,0.01,0.5400928803071191
1387,258.7023975039798,0.01,0.5170589851899238
1388,22.388816329097452,0.01,0.5309461430099207
1389,260.5766250923018,0.01,0.5875322108693195
1390,31.157095659665316,0.01,0.5080858182851915
1391,288.4999642315056,0.01,0.5922866893585684
1392,63.0938722178781,0.01,0.5929012723659214
1393,223.68201533220798,0.01,0.6429295354916644
1394,37.74785755883292,0.01,0.7082847586274147
1395,128.53599215557725,0.01,0.6427424562852829
1396,12.83683921105468,0.01,0.5915883929572172
1397,31.07950238844566,0.01,0.70183326439424
1398,-26.733798241902875,0.01,0.709618871318216
1399,42.67204930537446,0.01,0.6278147151355039
1400,289.72077669587543,0.01,0.576499927089967
1401,13.6455204605263,0.01,0.5529473594493336
1402,37.53565312763706,0.01,0.8162269033860452
1403,230.33447906607557,0.01,0.6694666775413947
1404,27.421511729011996,0.01,0.6720698354075905
1405,298.34167005214533,0.01,0.5963588308728518
1406,28.99990897491341,0.01,0.6975694743075198
1407,276.60465580979906,0.01,0.6671433679384893
1408,56.28581881717298,0.01,0.7046993369093308
1409,287.21268435407114,0.01,0.695985503314898
1410,182.32171208332264,0.01,0.6194257860702853
1411,283.0555780155936,0.01,0.7066805823336518
1412,289.36062924628226,0.01,0.6746945884329321
1413,282.9838754559531,0.01,0.7460355461928351
1414,291.61012682272843,0.01,0.6519594834065338
1415,27.732080723762294,0.01,0.46046508425006677
1416,24.082880472860623,0.01,0.5688103517660728
1417,285.1407829387683,0.01,0.608781295026549
1418,266.99538930121537,0.01,0.6311475980807754
1419,290.09606428196173,0.01,0.5100995873815791
1420,61.845167993026706,0.01,0.7042824478418219
1421,290.4080728148649,0.01,0.6682146044963218
1422,291.1755626589004,0.01,0.7246653725519593
1423,288.46470988038925,0.01,0.6320856605460378
1424,44.72380584371922,0.01,0.6473160402785088
1425,9.474982832343898,0.01,0.603263541435202
1426,263.8968641281018,0.01,0.6260677810575141
1427,275.1828668168912,0.01,0.5509168018515294
1428,292.0894668904142,0.01,0.6402995625819861
1429,275.8572801902595,0.01,0.6831059434444494
1430,52.887980667658326,0.01,0.6868036197138434
1431,286.4965537913582,0.01,0.6323157481744256
1432,35.44391057309923,0.01,0.7537377949678497
1433,279.97301447130906,0.01,0.6620521989714413
1434,281.38523174220984,0.01,0.5914965902251759
1435,270.5228921155173,0.01,0.6590105415966017
1436,294.4007983519737,0.01,0.6835960737126736
1437,300.7335945661787,0.01,0.6608886402660519
1438,35.371021520050505,0.01,0.6681725881993771
1439,288.17263187870867,0.01,0.6379883378447092
1440,0.5782517101598188,0.01,0.7109450076785043
1441,40.06450746104608,0.01,0.6262537785609004
1442,21.891474182646164,0.01,0.6310216871197106
1443,33.23363453185357,0.01,0.621121642115558
1444,19.352621728616683,0.01,0.5757418428858121
1445,275.6495317849504,0.01,0.7511887565812692
1446,5.048815765435947,0.01,0.7295071539726663
1447,269.7761022051112,0.01,0.7385137804438558
1448,11.083791782346339,0.01,0.8407188083023526
1449,-24.518238837909635,0.01,0.7233851839900016
1450,260.09981184857753,0.01,0.7031765933553714
1451,36.13337817524484,0.01,0.8673218077291613
1452,250.8034497342089,0.01,0.7914829425700008
1453,290.7662584092574,0.01,0.7198887967637607
1454,271.0531903198395,0.01,0.7338093667054958
1455,279.5708651767462,0.01,0.6558801541768248
1456,30.49506357438392,0.01,0.6840254142452246
1457,310.1517887286476,0.01,0.778203321347634
1458,9.515846937281864,0.01,0.8314234782786419
1459,36.473776005092844,0.01,0.6695551575609932
1460,278.5594225395389,0.01,0.8498244576275031
1461,281.2713394422456,0.01,0.7147096882108599
1462,281.79238540579354,0.01,0.7292672353557178
1463,259.09161974759365,0.01,0.7573536958246795
1464,13.681876168653503,0.01,0.8908238696458284
1465,15.904428415545908,0.01,0.633203725473812
1466,35.556160281803386,0.01,0.7080893350728586
1467,43.75826587414957,0.01,0.7738195498241112
1468,1.7184834036773111,0.01,0.8971150323239148
1469,266.7472425269644,0.01,0.6987777631161577
1470,262.74985706476417,0.01,0.9442335124501211
1471,309.57065976441334,0.01,0.7734966608245046
1472,259.7128718000774,0.01,0.7770703045718641
1473,290.14424228356813,0.01,0.7500661483935771
1474,260.6882931065033,0.01,0.7060335419182457
1475,35.535498841274745,0.01,0.50907795897431
1476,290.43017902637075,0.01,0.7142073244910048
1477,266.90221220829505,0.01,0.5946745274600801
1478,261.3034318728502,0.01,0.7594088048885425
1479,248.51947417365184,0.01,0.6470623840873986
1480,46.64184327672535,0.01,0.6286550575156802
1481,54.56452070146176,0.01,0.7151419059373438
1482,10.491639806464207,0.01,0.7446313395475348
1483,290.09858125465223,0.01,0.706074239977633
1484,298.31415650262477,0.01,0.6745251506668141
1485,274.3283394584621,0.01,0.6740615885142628
1486,268.5500354637319,0.01,0.6555302193229386
1487,-1.5402970711261048,0.01,0.6561141311242356
1488,80.3193564495742,0.01,0.6245227546465618
1489,280.3820018834241,0.01,0.6273793694159212
1490,273.0118279571133,0.01,0.6471891742529107
1491,254.50207458758177,0.01,0.6253356847245961
1492,75.99673336635178,0.01,0.6796725873366325
1493,25.073038174599134,0.01,0.7084369888545665
1494,281.92221805630743,0.01,0.6535907884604955
1495,275.37101111887864,0.01,0.5842413089265385
1496,9.065126098342375,0.01,0.6665919743009381
1497,275.633579836992,0.01,0.6284708878291505
1498,29.66689944278619,0.01,0.5273351004129058
1499,291.5058715475618,0.01,0.6376704948410492
1500,307.8427891960078,0.01,0.5952822980907513
