0,-138.9338420450018,1.0,0.4912193921558997
1,-141.2484912860034,0.99802,2.1694094422575714
2,-73.26030277295268,0.99604,2.6772578898598165
3,-103.66829390120398,0.99406,2.821372105015649
4,-558.591080777034,0.99208,2.7233691711341383
5,-155.57231210754622,0.9901,2.46475732607
6,-64.58903860072363,0.98812,2.6728944964706898
7,-95.86258055142703,0.98614,2.829161802334572
8,-88.11084855681378,0.98416,2.643124722838402
9,-81.69245729012795,0.98218,2.715765804052353
10,-97.09212683689255,0.9802,2.4958208423477037
11,-377.9406866662659,0.97822,2.3432550873698257
12,-283.43989406472156,0.97624,2.1990355708532863
13,-128.1437484402813,0.97426,2.07500036912305
14,-317.1684965050259,0.97228,2.261441708840046
15,-540.871857746345,0.9703,2.131743068093652
16,-138.64681670816793,0.96832,2.1343732214953803
17,-117.236383466877,0.96634,2.225245257498513
18,-20.638399143401827,0.96436,2.3331954666546415
19,-70.7239113369391,0.96238,2.5961441348810665
20,-238.22395490153164,0.9604,2.4077990142738117
21,-207.88494511475395,0.95842,2.26147922873497
22,-238.39503328616294,0.95644,2.1851694922293388
23,-125.94156345448317,0.95446,2.2012907022084947
24,-123.02671371863572,0.95248,2.243042338820337
25,-434.30694344729847,0.9505,2.1496305697494082
26,-358.58714936663,0.94852,2.1215628541227596
27,-110.30192766141309,0.94654,1.9771621175991592
28,-109.21936761270626,0.94456,2.0221985699953855
29,-101.88321698935712,0.94258,1.8898469610749005
30,-124.4537332324854,0.9406,1.8900125041792664
31,-119.20794748584035,0.93862,1.9006422180117983
32,-105.29676768259502,0.93664,1.9024262639784044
33,-118.75792410331574,0.93466,1.8793710700356134
34,-106.43255074071608,0.93268,1.871998544917049
35,-182.81922765070607,0.9307,1.8421531204993908
36,-123.15880979900697,0.92872,1.7543404043785162
37,-13.550638138500602,0.92674,1.7993052476455296
38,-103.42941307737188,0.92476,2.014719033482099
39,-358.09675039284497,0.92278,2.0054074842879115
40,-81.48441780982176,0.9208,2.0141199209707246
41,-102.68469307735914,0.91882,2.061257414414849
42,-84.41949130474684,0.91684,1.87965714109355
43,-185.08758917696102,0.91486,1.9329577050767504
44,-101.5779487890843,0.91288,1.7953958002726238
45,-131.11829241026052,0.9109,1.8217769491451759
46,-90.65315107093957,0.90892,1.7522761034376828
47,-374.9060041505546,0.90694,1.8244792087269681
48,-140.66518227065254,0.90496,1.9664685438419212
49,-45.34895398812888,0.90298,1.7398754308022648
50,-53.31186515473921,0.901,1.7940451817079024
51,-108.04593843517786,0.89902,2.0125883339363853
52,-178.62635809954068,0.8970400000000001,1.9096241180259403
53,-177.8841913795343,0.89506,1.8092900213374887
54,-127.00777602169036,0.89308,1.8626804934098171
55,-137.43036363297568,0.8911,1.8707196553548178
56,-113.28380083727002,0.88912,2.021386835688636
57,-260.03048982161886,0.88714,1.79811469691523
58,-106.37209416232808,0.88516,1.8943446930497885
59,-97.88268678894276,0.88318,1.851003081283786
60,-114.26876197561653,0.8812,1.9061072065280034
61,-139.11030670015907,0.87922,1.9351231362508692
62,-77.59982890357125,0.87724,1.8485810181924276
63,-247.85681916518186,0.87526,1.7774521306157112
64,-149.34519043097725,0.8732800000000001,1.8625044457050932
65,-135.66853178277103,0.8713,1.8461357535056349
66,-90.95184148473132,0.86932,1.7154395282268524
67,-113.68048187274684,0.86734,1.7087554306376214
68,-61.53614255876376,0.86536,1.8412315508252697
69,-86.21082665522184,0.86338,1.7984340407631614
70,-55.41659007606869,0.8613999999999999,1.864109502784137
71,-43.360111628901294,0.85942,2.021965178648631
72,-439.08839413197654,0.85744,1.8442292664613988
73,-96.82423170144247,0.85546,1.9798283619540078
74,-169.54425806164312,0.85348,1.7908658657977783
75,-162.61647701387022,0.8515,1.9536340188335728
76,-105.88884539472961,0.84952,1.9321836263705523
77,-68.4560549751221,0.84754,1.9331174368858337
78,-31.77776184821461,0.84556,1.8631751858271086
79,-147.54022460639595,0.84358,1.8550623848404684
80,-66.4666018998247,0.8416,1.7083752226705353
81,-77.68006972818701,0.83962,1.8442336495906588
82,-115.85382614045956,0.83764,1.8320499421382437
83,-117.71051548604453,0.83566,1.742801696062088
84,-18.2358214512154,0.83368,1.7646716209252675
85,-60.93542321389884,0.8317,1.6989416328828726
86,-66.0533604426021,0.82972,1.7445518938934101
87,-215.79498336790107,0.82774,1.8051271604479484
88,-65.8165828043383,0.82576,1.7161157131195068
89,-234.16934257892913,0.82378,1.6614752048152988
90,-110.81482053550458,0.8218,1.6704165351390838
91,-69.51767542640945,0.81982,1.9116402096058949
92,-96.60150771068851,0.81784,1.6327001111848014
93,-26.824696048957392,0.81586,1.7277007949352265
94,-77.59933450038007,0.8138799999999999,1.7117902340779778
95,-110.38551542803718,0.8119000000000001,1.7855101515011615
96,-64.70381439498604,0.80992,1.7891181111335754
97,-211.9942149785784,0.80794,1.7188105995092935
98,14.609737243249086,0.80596,1.7701887448628744
99,-38.421821432041924,0.80398,1.85765615517531
100,-76.80899895661213,0.802,1.7679633999794302
101,-101.71553265092076,0.80002,1.8599204123020172
102,-78.86923736313065,0.79804,1.8775460138916968
103,-115.8301422326309,0.79606,1.83571507781744
104,-77.70017849903556,0.79408,1.8166953831502837
105,-125.6553235985502,0.7921,1.8838442873954773
106,-325.56891077622913,0.79012,1.9147144693594713
107,-153.52730057460988,0.7881400000000001,1.9273035731366885
108,-58.9422386432393,0.78616,1.942606737925893
109,-59.73908644850112,0.78418,1.8117639788559505
110,-58.829660726484484,0.7822,1.8689621518487516
111,-49.38717511238061,0.78022,2.057814672589302
112,-90.25283549980539,0.77824,1.9598859314918518
113,-104.86819740571477,0.77626,1.9513780889972563
114,-79.73079901806182,0.77428,1.8394181915779704
115,-50.68637053412741,0.7723,1.8024667208011333
116,-100.04464591766022,0.77032,1.8223305011724498
117,-22.923763865638122,0.76834,1.9492345343936572
118,-95.56380341816823,0.76636,1.7699130894774098
119,-143.39728178877598,0.7643800000000001,1.7122201561465744
120,-82.00311635955771,0.7624,1.796372850493687
121,-64.09246892977603,0.76042,1.9188231555528419
122,-165.5633962356365,0.75844,1.7391387378727947
123,-133.95175602291116,0.75646,1.7904454554076743
124,-121.56726178941526,0.75448,1.6695536110136244
125,-77.88885512448783,0.7525,1.7594795098055656
126,-29.233762213860672,0.7505200000000001,1.706967730732525
127,-77.76123147740356,0.74854,1.7178129415686538
128,-55.03296332663596,0.74656,1.609021231934831
129,-34.73634716741863,0.74458,1.6818236175116958
130,-57.09584902184834,0.7426,1.649692910355191
131,-150.9174101869349,0.7406200000000001,1.7600513157390414
132,-86.99033433528048,0.73864,1.6444206721252865
133,-76.30075413051557,0.7366600000000001,1.6115982857617466
134,-112.92208372685039,0.73468,1.707828785266195
135,-179.07399664172186,0.7326999999999999,1.6241384656340987
136,-104.25394666055912,0.73072,1.585731731086481
137,-73.60418004122178,0.7287399999999999,1.558285388507341
138,-41.29906229405725,0.7267600000000001,1.6132046308728956
139,-32.91692759642697,0.72478,1.4890599928490102
140,-94.00223662997232,0.7228,1.5455893753166485
141,-93.04608350087179,0.72082,1.5765773817284467
142,8.377488972561622,0.7188399999999999,1.5436023929805467
143,-31.18545162965657,0.71686,1.6026290244894263
144,-171.52838810489126,0.71488,1.5059100581066949
145,-61.67367515413589,0.7129,1.5612478877107303
146,-76.52213681147026,0.71092,1.4658260425925256
147,-91.16352807135296,0.70894,1.6450394580901508
148,-93.89883414982995,0.70696,1.5077158387463827
149,-78.61164161546675,0.7049799999999999,1.5382496985522183
150,-37.72827642645676,0.7030000000000001,1.5342770412436917
151,-53.45879889467426,0.70102,1.4955386590149442
152,-42.307938237116176,0.69904,1.4914334369333166
153,-88.75385019061015,0.69706,1.5158672459321478
154,-111.98938176140993,0.6950799999999999,1.4639758220533046
155,-14.311043730247022,0.6931,1.400180351275664
156,-76.75630609765223,0.69112,1.3978680693997747
157,-108.21159646871322,0.68914,1.4490985550037048
158,-86.21748505206504,0.68716,1.3675003502008727
159,-8.636191715265284,0.68518,1.409483714401722
160,-55.70075948696976,0.6832,1.3498007604773616
161,-61.9399236794155,0.68122,1.378724909410244
162,-27.537333051782113,0.6792400000000001,1.3343957196388925
163,-53.496038713832355,0.67726,1.3255852631160192
164,-36.74699017672984,0.6752800000000001,1.236955620907247
165,-37.390125116593126,0.6733,1.1882768043954122
166,-58.58539473066546,0.6713199999999999,1.3097967742818646
167,-45.57229441063777,0.66934,1.2245461056629816
168,-44.21679000027089,0.66736,1.2244365588976787
169,-135.85167272526058,0.66538,1.1813978789708552
170,-39.167527233744536,0.6634,1.1167243173072388
171,-30.972829824962133,0.66142,1.2095598289370537
172,-141.83329285938822,0.65944,1.25417323778202
173,-101.83678582505848,0.6574599999999999,1.241727207881817
174,-53.38681119126326,0.6554800000000001,1.1963231838666475
175,2.60106073385073,0.6535,1.1631822139788897
176,-45.83962734059649,0.65152,1.2145403561768708
177,-34.957638920864895,0.64954,1.14767541567033
178,-50.2165422611875,0.64756,1.1686520012961308
179,-158.21450390336315,0.64558,1.1676873416905422
180,-22.92340732542077,0.6436,1.1374234426656418
181,-4.197875583963139,0.6416200000000001,1.1470195191190733
182,-72.46877045846578,0.63964,1.0038357735004113
183,-34.31546538738321,0.63766,1.0575102396747644
184,-23.642000349465405,0.63568,1.079521069303155
185,-129.80318122417626,0.6336999999999999,1.0211717674890197
186,-79.93187770674105,0.6317200000000001,1.028663987223106
187,-241.52923879491672,0.62974,0.9623651815096984
188,-56.828775811759165,0.62776,0.9748121716322438
189,-99.36398181738517,0.62578,0.9493154059221716
190,-34.036968431793085,0.6238,0.9753983355786678
191,-59.8491749391108,0.62182,1.059783258974947
192,-15.078494056368612,0.6198400000000001,0.9073763566046227
193,-3.5812266617937496,0.6178600000000001,0.946713129503537
194,-55.24508158136126,0.61588,0.9240185758848299
195,-42.43599270938702,0.6139,0.933573361195571
196,-47.34123490549075,0.61192,0.9629354101770065
197,-112.59128162661325,0.6099399999999999,0.8924684446108969
198,-76.90777901259577,0.6079600000000001,0.9580484823707272
199,-34.3166879190281,0.60598,0.9626227055319506
200,9.116351015874343,0.604,0.9388223206003506
201,-72.05316596442117,0.60202,0.9116096763181037
202,2.7028502758765285,0.60004,0.8961288758091159
203,-103.4300112928382,0.59806,0.9249861838176237
204,-88.07302563804309,0.5960799999999999,0.8784785768487952
205,-40.16485385628674,0.5941000000000001,0.8779122160421204
206,-107.11679941624246,0.59212,0.8614137513296944
207,-50.2852420496272,0.59014,0.9121055003433001
208,-66.13568471365477,0.58816,0.9045157854003135
209,-59.30883439395862,0.58618,0.844618919876314
210,-0.7800043014369606,0.5842,0.8999710938050633
211,-60.62386551118532,0.58222,0.9734861445231516
212,-47.50344318982073,0.5802400000000001,0.9206124255359173
213,-1.4853956404121504,0.57826,1.0214731050341317
214,28.718055792333132,0.57628,0.9580681186310852
215,0.4650994051045245,0.5743,0.9403721291799935
216,-9.44358943018608,0.5723199999999999,0.9395897926297039
217,-35.71296339358881,0.5703400000000001,0.8721077674313595
218,-65.32318300171076,0.56836,0.958822578478318
219,-16.05272857122135,0.56638,0.9326905716802473
220,-18.445103946571322,0.5644,0.8974997685535958
221,8.861971532838211,0.56242,0.9323188131763822
222,-81.32802723030109,0.56044,0.9449323838949204
223,-81.20125982588158,0.55846,0.8881093204805726
224,4.230206966999901,0.5564800000000001,0.8791670729852703
225,-28.28699208243188,0.5545,0.8959103726495908
226,-34.3562661560573,0.5525199999999999,0.8388238262247156
227,-64.17203016818301,0.55054,0.873653523460792
228,18.621976803041434,0.5485599999999999,0.8338296597202619
229,-46.53284960316786,0.5465800000000001,0.8479606434702873
230,-10.699562682555097,0.5446,0.8692555822284016
231,-340.95815673384027,0.54262,0.8911569212144668
232,-30.271708124407184,0.54064,0.9139188701400951
233,-5.289630459396918,0.53866,0.8583413644612414
234,-95.94832574046,0.53668,0.8799056377675798
235,-83.20690457602282,0.5347,0.8936673666911102
236,-47.54764727450169,0.5327200000000001,0.887721839968277
237,-58.89292595878562,0.53074,0.9565554106635834
238,-45.93674911476373,0.52876,0.9413541336223562
239,-20.387805252908805,0.52678,0.9394745517522096
240,-188.04731221533245,0.5247999999999999,0.8972835000771195
241,-25.875202673307626,0.5228200000000001,0.9933798237737402
242,-47.08811287826158,0.52084,0.8715268377516721
243,25.127706124969418,0.51886,1.0855640609264374
244,-45.07598948436609,0.51688,1.2272517965996967
245,-14.623381593579523,0.5148999999999999,1.2282397246658803
246,-40.369731425954605,0.51292,1.2792116797610418
247,-90.94169384866989,0.51094,1.2524918872089201
248,0.7947931548462037,0.50896,1.3117174230465272
249,-82.96920383325941,0.50698,1.2258225592474143
250,-33.204090245721474,0.505,1.2825175969646527
251,14.981115595473739,0.50302,1.1434717432341792
252,-47.36203371812287,0.50104,1.1882985329374354
253,-25.824459666121626,0.49905999999999995,1.2793819634070307
254,9.728009878704597,0.49707999999999997,1.174838513531516
255,-68.546624146537,0.4951,1.193617263918414
256,-65.89527723335345,0.49312,1.1326387076542295
257,-30.415843859605857,0.49114,1.162787768789517
258,-32.74401191563403,0.48916000000000004,1.2222744246817523
259,7.878603730545649,0.48717999999999995,1.0729736775361203
260,-327.05027074798613,0.4852000000000001,1.1683357889211274
261,-304.10450342955204,0.48322,1.216133355301951
262,-48.401748322719605,0.48124,1.233314963749477
263,-6.964888117654866,0.47926,1.2487391737576956
264,-298.987516403085,0.4772799999999999,1.193427533413587
265,-1.6950289825940814,0.47529999999999994,1.2783176527264413
266,4.12434576833418,0.4733200000000001,1.2222302201075284
267,-22.093569395232905,0.47134,1.2278926052773993
268,-150.83173730645933,0.46936,1.324197738494688
269,-23.310954400926562,0.46738,1.2384194871600793
270,-30.707792345908885,0.4653999999999999,1.197270232586213
271,-37.57155779254364,0.46341999999999994,1.2777377797739349
272,-168.41682747409476,0.4614400000000001,1.2961611681514316
273,-31.781357637382182,0.4594600000000001,1.288609002739191
274,-51.26137314260811,0.45748,1.2856193661689759
275,-61.41472270771977,0.4555,1.2281156071594783
276,-77.4808504063803,0.45352000000000003,1.2309958446792693
277,38.17016341654994,0.45153999999999994,1.2580339488658039
278,18.706733716789216,0.44956000000000007,1.2610485699582608
279,-63.28603843380033,0.4475800000000001,1.2659697517603636
280,-12.581931074241254,0.4456,1.2428309029504045
281,-41.8975059776503,0.44362,1.222935669359408
282,-29.785663802592765,0.44164000000000003,1.1840263835761857
283,-12.300868322992844,0.43965999999999994,1.0960384679734707
284,76.44902853862409,0.43767999999999996,1.111378692805767
285,-127.63620002574731,0.4357000000000001,1.072460191414274
286,-9.99659372491709,0.43372,1.1446792909980945
287,-67.6723971760247,0.43174,1.0940980333952035
288,20.472796156106654,0.42976000000000003,1.1416234091250566
289,-15.65990339098505,0.42777999999999994,1.092092280478581
290,-53.8471944178482,0.42579999999999996,1.0981578829288483
291,3.1447848303432204,0.4238200000000001,1.0290054316967725
292,-217.18513337837675,0.42184,1.0399710571864829
293,27.72649640621475,0.41986,1.016241666674614
294,-175.45981740979113,0.41788000000000003,0.9920083284957864
295,-246.53670189883354,0.41589999999999994,0.9580798197824222
296,69.3439568911045,0.41391999999999995,0.9407868338823319
297,-38.61426216506344,0.4119400000000001,0.9698842273730981
298,-118.8339179936022,0.40996,0.963522781804204
299,-86.46425763595875,0.40798,0.8707814173841918
300,11.215341206298817,0.406,0.9385672079473734
301,-14.150604513942682,0.40401999999999993,0.9465442156269602
302,34.04566897899577,0.40203999999999995,0.8687519928514957
303,-7.506997532875602,0.4000600000000001,0.8808410910268625
304,-4.783761604697599,0.39808,0.8632996354550123
305,27.277453855023808,0.3961,0.8565273498539376
306,75.31112516198998,0.39412,0.8583658117651939
307,-40.983387950139,0.39213999999999993,0.8012060170322657
308,39.65787678699831,0.39015999999999995,0.8072775158286095
309,14.25402965004281,0.38817999999999997,0.8284143682271242
310,-43.776415469917055,0.3862000000000001,0.8543626246816021
311,72.92683061643373,0.38422,0.8378646844029427
312,129.52591510603102,0.38224,0.7690037063658237
313,-28.694517497920756,0.38026000000000004,0.7525859174475206
314,11.958654852316007,0.37827999999999995,0.7373739856928587
315,36.67785694589458,0.37629999999999997,0.7464459151625633
316,119.50516657834766,0.3743200000000001,0.7040116257816553
317,-14.887403017059555,0.37234,0.6585770286362747
318,-59.25860709124048,0.37036,0.6868871450424194
319,-200.44793278794418,0.36838000000000004,0.6866634916780251
320,0.2952342088980089,0.36639999999999995,0.6659540282656448
321,61.93435694952494,0.36441999999999997,0.7154367802888155
322,36.81082398150199,0.3624400000000001,0.6578340540826321
323,-74.14610758186666,0.36046,0.6183838377293852
324,-316.45289584453405,0.35848,0.6465147616607803
325,-32.95680197253891,0.35650000000000004,0.6684980126296949
326,97.96155031958979,0.35451999999999995,0.668673725605011
327,85.81489230633383,0.35253999999999996,0.6715192647129298
328,-12.503629809709695,0.3505600000000001,0.7303205227106809
329,-5.791430998000166,0.34858,0.7248928927562454
330,-17.189694838499364,0.3466,0.800871608623614
331,127.40996553195686,0.34462000000000004,0.7184677509367466
332,-249.09426163037315,0.34263999999999994,0.7043975514852402
333,48.37557544871564,0.34065999999999996,0.757344535574317
334,-154.8340847609746,0.33868,0.7238020504062826
335,127.66353128451998,0.3367,0.7231477764844895
336,-20.433744711779525,0.33472,0.6920902363758171
337,117.97114076646605,0.33274000000000004,0.6920314347296953
338,-31.037614956407296,0.33075999999999994,0.6695363962131998
339,-21.78808506506148,0.32877999999999996,0.666759345989201
340,-25.625237138325957,0.3268,0.6856129878050797
341,142.7039151343937,0.32482,0.6716540606021881
342,-68.72646947050119,0.32284,0.6364032918354496
343,70.0986374227939,0.32086000000000003,0.6456764267981052
344,-90.37470012322065,0.31887999999999994,0.6446206745219557
345,-15.18455134904454,0.31689999999999996,0.7255134119326809
346,-210.77791654715952,0.31492,0.6654987667204891
347,102.48280600045949,0.3129400000000001,0.6422205360382796
348,-11.351745808404942,0.31096,0.642377907782793
349,124.01013021706213,0.30898000000000003,0.6365368131697178
350,112.33733344440861,0.30700000000000005,0.6448515797182918
351,131.4037304017666,0.30501999999999996,0.5873197133988142
352,57.011423093130134,0.30304,0.5582978231459856
353,-74.87558268380539,0.3010600000000001,0.5699184683598871
354,32.7555131047163,0.29908,0.5914492367953063
355,-46.64431997762922,0.29710000000000003,0.6182606875137159
356,75.68621937319001,0.29512000000000005,0.6016340518593788
357,107.92905356568617,0.29313999999999996,0.543655830219388
358,93.29484909134106,0.29116,0.5554606441855431
359,137.63072554867233,0.28918,0.5722551007568836
360,-252.3045428124052,0.2872,0.5450268309410626
361,-10.036222648351014,0.28522000000000003,0.5528753720797025
362,99.12929376317275,0.28324000000000005,0.556107406437397
363,23.388321041721568,0.28125999999999995,0.4782377177096428
364,-39.775671384633156,0.27928,0.5523468834250721
365,140.69036657971685,0.2773,0.5230851622521877
366,5.7693347295010255,0.27532,0.4952246096759739
367,-34.75076290234742,0.27334,0.528134195706037
368,62.75472689181076,0.27136000000000005,0.5531170428693295
369,33.17264061456143,0.26937999999999995,0.5699501182958484
370,-17.693569872157966,0.26739999999999997,0.5566057523091634
371,146.598630504329,0.26542,0.5560129815638065
372,103.07584529955005,0.26344,0.5141925921738147
373,-26.568423435508976,0.26146,0.5058668728917837
374,206.1283081270492,0.25948000000000004,0.5365153599781288
375,211.6824988027065,0.25749999999999995,0.5431125368922949
376,-107.06952917965876,0.25551999999999997,0.5169345725859914
377,-76.15448041705034,0.25354,0.5368691629702502
378,-77.3607955719547,0.25156,0.5273607520475274
379,118.01777414891706,0.24958000000000002,0.5611337801143527
380,45.904559334783556,0.24760000000000004,0.5279492932483554
381,79.44493452532382,0.24561999999999995,0.4950215139426291
382,136.22295330121545,0.24363999999999997,0.45821488136798144
383,101.71257411207189,0.24165999999999999,0.4188878751322627
384,79.87565081974562,0.23968000000000012,0.38479063723236323
385,177.92987029424128,0.23770000000000002,0.3505925343520939
386,104.1084264465077,0.23572000000000004,0.35296758146584034
387,82.7641299689598,0.23374000000000006,0.3479361237622797
388,-11.211106050305006,0.23175999999999997,0.36511992641653007
389,-27.254940336800672,0.22977999999999998,0.361048950216709
390,-358.79135277320654,0.2278,0.4216107442772307
391,92.91646139420772,0.22582000000000002,0.3874539250731468
392,-74.47369766880551,0.22384000000000004,0.37142387423121814
393,-122.76460445341249,0.22186000000000006,0.3791111857182794
394,133.7917876216412,0.21987999999999996,0.40866887460649015
395,133.14457628701237,0.21789999999999998,0.3797767841517925
396,192.16521795196877,0.21592,0.37410564752561704
397,202.08601838681182,0.21394000000000002,0.38571453334631267
398,-30.90521077894597,0.21196000000000004,0.39121716145340724
399,61.32589216019355,0.20998000000000006,0.4201355295939536
400,218.74933188838608,0.20799999999999996,0.45090154521225395
401,136.92138979895867,0.20601999999999998,0.4882809077054262
402,34.925613480752446,0.20404,0.4356110117033772
403,250.20288822629914,0.20206000000000002,0.48191087160146595
404,21.52952148809966,0.20008000000000004,0.46500071600079534
405,106.02866572428424,0.19810000000000005,0.5158106669336557
406,153.49124879114646,0.19611999999999996,0.4972428995221853
407,79.68442700159274,0.19413999999999998,0.4243305686712265
408,103.84137690439415,0.19216,0.3976562372893095
409,-23.372819837200367,0.19018000000000002,0.3603421376616347
410,146.31770243584322,0.18820000000000003,0.39849046363681556
411,122.1055376054138,0.18622000000000005,0.3808138986863196
412,235.32439711871737,0.18423999999999996,0.3567773495380421
413,-36.50648766371876,0.18225999999999998,0.38926028529554607
414,33.3534826619522,0.18028,0.35303427769857293
415,298.1632897304406,0.1782999999999999,0.35422197034762753
416,17.40229418551037,0.17632000000000003,0.36021060202466815
417,-11.74825080178428,0.17434000000000005,0.372158402496058
418,239.6081838478003,0.17236000000000007,0.39970074166187625
419,77.18492643201614,0.17037999999999998,0.38136252116411923
420,259.8571950868084,0.1684,0.3536212740853281
421,-7.5904305651812365,0.16642,0.3494689807780748
422,-24.42347697865918,0.16444000000000003,0.35180704075708447
423,240.64815031426696,0.16246000000000005,0.3577592935780007
424,-285.8891950259787,0.16048000000000007,0.35887254138701946
425,6.0418067235596755,0.15849999999999997,0.4466877012364566
426,115.72845356028958,0.15652,0.4663548930063844
427,-13.683831729209103,0.15454,0.470329688368913
428,9.005793509322515,0.15256000000000003,0.5041682549739537
429,226.69110582402033,0.15058000000000005,0.4882676163493697
430,58.47872040806857,0.14860000000000007,0.510577747028321
431,119.66551847886585,0.14661999999999997,0.4932355263531208
432,-202.21610386410453,0.14464,0.47374059307651645
433,93.3096011521253,0.14266,0.47678321800380946
434,219.46507056196612,0.14068000000000003,0.4411784387259578
435,249.36978900660498,0.13870000000000005,0.43336936895217
436,82.94519548762138,0.13672000000000006,0.42772009905427694
437,58.795530217785476,0.13473999999999997,0.4240481825135648
438,136.43896458307842,0.13276,0.38567300875484944
439,-25.060031453791296,0.13078,0.3707766829541436
440,108.70072235244116,0.12879999999999991,0.3602429300956428
441,122.97896749880701,0.12682000000000004,0.31533837390318514
442,138.90549216731003,0.12484000000000006,0.26287848920375106
443,262.20280023105016,0.12285999999999997,0.23567543702011698
444,240.1245211834677,0.12087999999999999,0.2553585798364796
445,256.07598499051494,0.1189,0.2710966228359589
446,274.79113438589263,0.11691999999999991,0.26886688368702844
447,104.53487470665414,0.11494000000000004,0.2677017515823245
448,196.13167771756466,0.11296000000000006,0.2570519122068441
449,238.29308773540438,0.11097999999999997,0.2468004795605118
450,265.34987102506267,0.10899999999999999,0.267486308627324
451,283.46776634592857,0.10702,0.3104605342500265
452,107.68037118471312,0.10503999999999991,0.313580860119313
453,140.18897900113376,0.10306000000000004,0.2953072736896574
454,125.40565393040171,0.10108000000000006,0.28799358234368266
455,244.1688521500089,0.09910000000000008,0.29683018584083354
456,134.42506901983646,0.09711999999999998,0.3099351878389716
457,25.149366936890853,0.09514,0.31481461277231576
458,-4.387342539646767,0.09316000000000002,0.3053353894365965
459,261.7355774803252,0.09118000000000004,0.31039411918075965
460,263.64802477149414,0.08920000000000006,0.3264690472735701
461,242.04261572838413,0.08722000000000008,0.2991056996944536
462,146.60632380956918,0.08523999999999998,0.32633959183469413
463,224.29455473726202,0.08326,0.3041470129777428
464,232.23333508157145,0.08128000000000002,0.29663591792370064
465,217.69565193347375,0.07929999999999993,0.2584746819331839
466,255.84388394993778,0.07732000000000006,0.26251788003049953
467,269.6188039876249,0.07534000000000007,0.28118119282685117
468,111.23390669884691,0.07335999999999998,0.3065267100781202
469,121.29526871981349,0.07138,0.29326521208137274
470,139.42673347985092,0.06940000000000002,0.27628099427372216
471,219.07476780964137,0.06741999999999992,0.28545390815892513
472,171.6472007363607,0.06544000000000005,0.2689753957167268
473,265.4927757446822,0.06346000000000007,0.250326583202007
474,238.889925162693,0.06147999999999998,0.2529587711467118
475,270.02465650411733,0.0595,0.26884288410930074
476,230.99360131495902,0.057520000000000016,0.2854545634690222
477,115.98117631529142,0.05553999999999992,0.2625758956372738
478,199.92794428166843,0.05356000000000005,0.267547798371416
479,125.68414508657409,0.05158000000000007,0.2830756476074457
480,240.33204071656888,0.04959999999999998,0.25441957135460797
481,-63.08581304887829,0.047619999999999996,0.2611536787019884
482,282.30347624745946,0.045640000000000014,0.28055309138770373
483,244.86319078432774,0.04365999999999992,0.2918670584599143
484,186.30315984743294,0.04168000000000005,0.2817519952954477
485,252.67786099362579,0.03970000000000007,0.28177750174322896
486,-49.19534414445304,0.037719999999999976,0.2650180434892801
487,-76.79853765842462,0.035739999999999994,0.303024395470224
488,277.0148009739841,0.03376000000000001,0.34409984900899554
489,225.39632524778915,0.03177999999999992,0.35232148765720783
490,257.9250968564211,0.029799999999999938,0.35505931732947366
491,249.58083421237194,0.027820000000000067,0.35559704657370117
492,242.0436161250175,0.025840000000000085,0.3780518411517595
493,145.43695126417228,0.023859999999999992,0.38340911812894046
494,222.08108068426952,0.02188000000000001,0.35611291338319256
495,261.9465429170686,0.01990000000000003,0.3798425059448852
496,221.79702522621812,0.017919999999999936,0.38360312004649155
497,246.15405470450548,0.015940000000000065,0.39994146346169357
498,255.58110018130714,0.013960000000000083,0.4078381971336124
499,2.8561484636070986,0.01197999999999999,0.39647301388301437
500,16.386465232156056,0.010000000000000009,0.40746236269077857
501,264.29543640217037,0.01,0.3996505128889687
502,-357.04220643983393,0.01,0.40758498904859636
503,-15.845745314733662,0.01,0.45517761580461313
504,240.5084635107756,0.01,0.4477027735244412
505,235.52026217289594,0.01,0.44551745780250607
506,230.79946888387775,0.01,0.45059738498558555
507,236.8275358857405,0.01,0.4594922855126956
508,231.49143746076209,0.01,0.4368592124756936
509,91.09758288966206,0.01,0.46384366823360323
510,211.56877359562935,0.01,0.425216136665648
511,247.32986022960833,0.01,0.46187028397874136
512,302.86581845604445,0.01,0.4518076659174292
513,240.32104906103294,0.01,0.4586991087714238
514,201.90660715696376,0.01,0.444974532381433
515,196.5869151931822,0.01,0.4636702396309198
516,251.02474687134819,0.01,0.44212032274137275
517,244.39929392707955,0.01,0.44708986304301235
518,-2.2341623556819314,0.01,0.4413713664896246
519,243.3951949747456,0.01,0.4528876422664484
520,238.65433828346787,0.01,0.4651108186433811
521,187.9052016137076,0.01,0.4421534026471468
522,219.20459319189973,0.01,0.4405674826495255
523,-22.547419541817284,0.01,0.44534638018906114
524,231.4276971162077,0.01,0.4342599430840886
525,220.64279674303333,0.01,0.4078702532399732
526,225.62970635844837,0.01,0.41737043872475627
527,294.85272528211647,0.01,0.43455116756030643
528,256.98316441536315,0.01,0.4063600552472053
529,136.0873553252852,0.01,0.3886589641980827
530,256.37962592176245,0.01,0.36744561422039085
531,230.09431327424943,0.01,0.3741909117776562
532,259.09029647176425,0.01,0.33122308348075613
533,249.4223740124698,0.01,0.3586150649280564
534,234.24076019287003,0.01,0.37697993194213114
535,248.99784252056418,0.01,0.3770934856679451
536,139.46786579380904,0.01,0.35881735722720626
537,231.63052220426064,0.01,0.322607849577326
538,164.1585441255006,0.01,0.31375042119154095
539,127.83959237152608,0.01,0.286512972984463
540,267.4168219200674,0.01,0.2742342769040489
541,27.536621144762634,0.01,0.25883748191851297
542,252.2611801728564,0.01,0.2743227475134706
543,275.39881724768026,0.01,0.28383344928407356
544,228.29724941849116,0.01,0.27715064627741737
545,231.13358623242578,0.01,0.28713000849935544
546,209.36040169039762,0.01,0.26316901324029895
547,249.2120082869435,0.01,0.26252125577263963
548,289.45691152672157,0.01,0.2805442981449239
549,279.48261868002817,0.01,0.265403082288207
550,199.31153105604307,0.01,0.3079998810372005
551,186.063179964835,0.01,0.3065570721236786
552,264.3609479299695,0.01,0.30582302569345843
553,89.2878919482851,0.01,0.29888726567663254
554,137.2295621645483,0.01,0.28256166430190205
555,240.9983755564474,0.01,0.2694405007914864
556,223.776205854966,0.01,0.26603826566612065
557,177.3301825070771,0.01,0.2977567860644136
558,230.768612134586,0.01,0.29915905140252214
559,214.99189186920745,0.01,0.3001225954708227
560,193.08618306510982,0.01,0.30546696587463323
561,157.91177690716992,0.01,0.29574267544119665
562,300.2061447067666,0.01,0.28965851094881057
563,228.1962765752209,0.01,0.2806501947850192
564,237.7487233972854,0.01,0.30138627261169687
565,-132.79922483599086,0.01,0.28278213418037684
566,127.11662093581852,0.01,0.3026722362525761
567,223.38422672044769,0.01,0.2741052169948816
568,240.41235215645727,0.01,0.26914662094570174
569,245.15663198476454,0.01,0.25382388505290765
570,249.0073657978556,0.01,0.2743779582435211
571,247.26818234687985,0.01,0.2707710012532117
572,190.40585262044317,0.01,0.27629439772018377
573,236.39847753537248,0.01,0.272558911438344
574,222.37585007854028,0.01,0.2874536078558161
575,131.25670736260798,0.01,0.3015864334106445
576,249.45553985536242,0.01,0.28004008352630927
577,248.57534248290955,0.01,0.28074374811230113
578,-4.344210620024995,0.01,0.27622059017986705
579,202.024410890129,0.01,0.29825303014685056
580,213.01229210807392,0.01,0.2872040626842161
581,20.51819992175882,0.01,0.298187717795372
582,256.7814619073805,0.01,0.31195551175193187
583,212.9473990065901,0.01,0.29840274011370727
584,231.49938496078636,0.01,0.31292005340533424
585,247.18291304497916,0.01,0.29516956949669676
586,214.3882863178035,0.01,0.2866847413613207
587,222.67204308317227,0.01,0.29378883528139227
588,252.14792666768506,0.01,0.30128105207155204
589,203.1857654559495,0.01,0.3077632381605941
590,229.64102394537298,0.01,0.33291262442161185
591,191.07516402216075,0.01,0.31836127333519953
592,252.85665549379377,0.01,0.30980854297960453
593,136.74899792945925,0.01,0.30752379952557385
594,260.1060071611977,0.01,0.2834061829211271
595,229.8586996088815,0.01,0.3027733132483498
596,254.1049091374423,0.01,0.3065627795841658
597,212.97682101403493,0.01,0.3005253374248349
598,237.3776810042794,0.01,0.3047819106906488
599,227.15214377935138,0.01,0.33742294860916716
600,-37.76220959653946,0.01,0.3330383065334532
601,264.1590298057124,0.01,0.36413860478602
602,52.82236860930362,0.01,0.35496571569979846
603,231.32588853811083,0.01,0.35627908736024205
604,243.73473336556236,0.01,0.36130666917546417
605,241.23828691685853,0.01,0.376635758302592
606,260.2636912102745,0.01,0.3695669186289434
607,260.0350023817706,0.01,0.3787993932845163
608,20.29588387995048,0.01,0.3583078169894795
609,237.23532398770035,0.01,0.3654200522963965
610,-14.93360676489337,0.01,0.37992734669779354
611,237.7603608327485,0.01,0.39922720255024396
612,176.01468634325465,0.01,0.3838170364275575
613,235.1085150483924,0.01,0.3735414736944696
614,246.85451702235864,0.01,0.36849564683803343
615,241.811994846028,0.01,0.4027300040571042
616,132.41895647837472,0.01,0.3839671519212425
617,279.0242764626512,0.01,0.37285229159647193
618,219.97532129734856,0.01,0.343399548751055
619,223.68666397509395,0.01,0.3679473950743976
620,220.72933206343495,0.01,0.3338848722879712
621,266.6032222928029,0.01,0.3613811773277304
622,259.7016139554189,0.01,0.3894380250630157
623,253.26325991584193,0.01,0.3775817880059703
624,274.7787578317358,0.01,0.39090762875222285
625,270.5569504218864,0.01,0.3823725883893034
626,223.46494711295412,0.01,0.353480449185868
627,249.86072048605806,0.01,0.33051544347065775
628,245.60477629621877,0.01,0.34592441566885773
629,157.2569837139445,0.01,0.31542940986156465
630,230.45809408720413,0.01,0.31648908838050793
631,223.90320180585144,0.01,0.26477950901669617
632,245.71781942274447,0.01,0.2774514430036236
633,240.689005831658,0.01,0.26492537343417333
634,135.61760410259615,0.01,0.2588030913472176
635,246.5559103237907,0.01,0.25825169846905227
636,242.44542888083703,0.01,0.2638112784394722
637,251.4368855460427,0.01,0.2671956796716117
638,-24.990665397007874,0.01,0.2845868732561083
639,273.0018495472011,0.01,0.2833084505812036
640,237.66858685531813,0.01,0.2693068373796521
641,252.4850536669668,0.01,0.30413864400142276
642,257.788363402094,0.01,0.30073925677861235
643,218.98030457233614,0.01,0.3033214862687864
644,265.86337669080285,0.01,0.2972083041487738
645,116.94044976913997,0.01,0.3032519582360983
646,245.7486643667309,0.01,0.28090164652061794
647,108.96081348094155,0.01,0.2785092694442719
648,207.78967366749202,0.01,0.2563182979553669
649,95.3020859082904,0.01,0.25455854160152375
650,109.63613984450473,0.01,0.22589350832626223
651,253.53962705226158,0.01,0.22418555584817457
652,253.13141408918187,0.01,0.2198252213624667
653,260.0115039605521,0.01,0.23506905305296627
654,279.12823726722536,0.01,0.23667171149403898
655,236.7576988619388,0.01,0.23130640544749181
656,232.81572132484547,0.01,0.24324973608868627
657,275.5240448806246,0.01,0.2599444495452241
658,282.91931586668386,0.01,0.24899111379051833
659,239.8048056086501,0.01,0.25091259248615033
660,264.33335828193344,0.01,0.25886574705009874
661,-6.421957418407217,0.01,0.2702128677716795
662,259.7755901018816,0.01,0.25967767029708505
663,271.3312722273067,0.01,0.2591806946892959
664,172.85257252348535,0.01,0.24316447870247065
665,279.44662122352725,0.01,0.2413955122592949
666,157.31748095133037,0.01,0.22811758087482303
667,48.395846708503655,0.01,0.23918031022438538
668,217.06688153819658,0.01,0.24030561902826386
669,261.28782642915934,0.01,0.2639210831232883
670,232.08162128753972,0.01,0.27251153968308617
671,277.545873228249,0.01,0.28075086763676477
672,250.64972440841868,0.01,0.26541874108595714
673,237.90663861333698,0.01,0.2686054251535097
674,218.31523159496075,0.01,0.2974110493573864
675,267.38022770756777,0.01,0.2986081151138757
676,259.4584980162951,0.01,0.3071597221839641
677,179.7583177702705,0.01,0.295633429035717
678,269.5745936751888,0.01,0.32433964080108263
679,127.86659866274047,0.01,0.3259874487258494
680,-338.33530060022224,0.01,0.33372754381277175
681,243.84776034098437,0.01,0.354606786645769
682,255.15979972436864,0.01,0.3217024184163148
683,244.3275537530064,0.01,0.36282585318411253
684,277.0803469187573,0.01,0.352377511795078
685,256.13057791759354,0.01,0.3284237263579013
686,233.6796844365897,0.01,0.3220518743096108
687,261.9540839166334,0.01,0.31134061137186225
688,243.6321637813432,0.01,0.314513747658342
689,235.63305153339405,0.01,0.30545889229784784
690,230.07147902147022,0.01,0.3067355709007153
691,-99.14443535745909,0.01,0.3314842964805987
692,208.86984383190793,0.01,0.34370288562906137
693,247.37678940925645,0.01,0.35525065864023475
694,245.4224543470326,0.01,0.3531502323102451
695,-146.76046321058288,0.01,0.39079095223652466
696,249.61052676662237,0.01,0.3482641117250333
697,33.61739256363691,0.01,0.3797382050664118
698,-82.50796668042362,0.01,0.3981298950146621
699,264.8921419278553,0.01,0.36753316343293907
700,245.27899786761563,0.01,0.37540626282925194
701,-77.11443020113595,0.01,0.4248800184197572
702,240.04281879705178,0.01,0.3854963401652346
703,264.75362823012506,0.01,0.4134009411263336
704,37.28150503383333,0.01,0.40039421198889613
705,252.06222547443465,0.01,0.39820229578098015
706,22.787405045230457,0.01,0.38782939883066886
707,197.86964795676164,0.01,0.38863134262885185
708,132.1572522157216,0.01,0.36282525370642543
709,222.49716623641635,0.01,0.35299259593758064
710,11.62346148734379,0.01,0.38848384594967383
711,-100.21239720533836,0.01,0.3576940772564788
712,253.44155429418998,0.01,0.3619337657455509
713,265.1483500441385,0.01,0.378927518419611
714,268.6809195908689,0.01,0.37790640948081256
715,234.3933667122662,0.01,0.3827623369113747
716,-23.177725415254443,0.01,0.3811774676044782
717,-82.52073998540176,0.01,0.3843088298001223
718,144.10397707180056,0.01,0.39246755639463665
719,-78.21584056275395,0.01,0.3684035870548967
720,263.97889786850317,0.01,0.3819257497293124
721,247.7546427957875,0.01,0.38232062287460955
722,248.4819308125932,0.01,0.4016090536833833
723,263.9393884547494,0.01,0.4211249417470147
724,-109.07877393820964,0.01,0.36307350239332986
725,117.4044875542229,0.01,0.39392940495163203
726,110.07184392100692,0.01,0.3543908036891371
727,278.2743199429706,0.01,0.31805927914972526
728,242.59497849295346,0.01,0.3702998703138696
729,-90.10776868481747,0.01,0.3293837982497803
730,240.4353885031794,0.01,0.3521285020214999
731,229.23765178733615,0.01,0.3349151309780978
732,116.21993166988423,0.01,0.2956702436096966
733,255.08405261695137,0.01,0.2883318796266582
734,247.3920567307884,0.01,0.28538740090616455
735,110.58900011643954,0.01,0.2867657092139125
736,263.68060130875176,0.01,0.2678931773605436
737,-27.07229159586764,0.01,0.2511509000353373
738,255.5521365462369,0.01,0.26579593659198586
739,243.7717365106289,0.01,0.24720592899975058
740,270.9749779188214,0.01,0.22251130290525525
741,229.89619394718076,0.01,0.24511915466554485
742,260.6977743213149,0.01,0.25557675598863444
743,239.45284815636597,0.01,0.2612070398071758
744,201.85777638535055,0.01,0.2574053440765558
745,208.67333445765274,0.01,0.23739409879530118
746,263.48549551042356,0.01,0.22250518752583143
747,255.6133418064513,0.01,0.22131488416263986
748,-76.5534668781964,0.01,0.26576847671752885
749,225.46407868531898,0.01,0.2674693594141787
750,268.033701950551,0.01,0.25901076073447865
751,225.0777811969324,0.01,0.2875053727296537
752,222.57915531234036,0.01,0.28513982220841894
753,206.17638672093943,0.01,0.26295716634465266
754,194.74776152083285,0.01,0.2532178112448812
755,274.0181289525299,0.01,0.2654914448672898
756,1.3730301889142709,0.01,0.2456843562796712
757,259.8257101412147,0.01,0.2790278718263532
758,271.22939900255585,0.01,0.2677808391494215
759,237.40248342910758,0.01,0.2958940537472008
760,236.85575376296654,0.01,0.28771057312181336
761,255.10143188376367,0.01,0.29376102531798015
762,35.30317225606066,0.01,0.33064818914447514
763,102.17776091040685,0.01,0.29063113150186837
764,240.7490671805304,0.01,0.292928111841297
765,269.6291830551336,0.01,0.2767600105702877
766,259.5615394054007,0.01,0.2869649366661906
767,7.628377003242861,0.01,0.3088003194708133
768,227.1070722032852,0.01,0.2853615420682989
769,274.2763159453391,0.01,0.30103429465088993
770,258.7950923216922,0.01,0.3032431325324231
771,280.05316866835585,0.01,0.32701369425547977
772,288.5500792152222,0.01,0.29162846612262316
773,62.45848615780022,0.01,0.29223340369113115
774,229.29038464056475,0.01,0.3039976655206344
775,212.4699739069514,0.01,0.31308593529503087
776,252.33071980943643,0.01,0.3132894630663288
777,52.814309219622714,0.01,0.33777569129511165
778,123.88810637936417,0.01,0.32088823257386684
779,243.14396258374228,0.01,0.3074276502035102
780,282.28648536239103,0.01,0.31412912215090405
781,235.59855259959267,0.01,0.29136324735128716
782,249.2061029931067,0.01,0.2914384524681849
783,225.59611566708327,0.01,0.29817106820159806
784,135.7221503918483,0.01,0.2899078021869063
785,277.8410061243214,0.01,0.24771791303869445
786,42.96011887345535,0.01,0.24909294991753994
787,117.67253442856926,0.01,0.2555145765077323
788,230.82400528115826,0.01,0.24267700784860952
789,279.5534239858245,0.01,0.26558219529011035
790,294.67202800890226,0.01,0.25169852240563534
791,277.0734771229678,0.01,0.2493132956584461
792,149.93478134204202,0.01,0.22958481533639133
793,-58.5267272450391,0.01,0.22091162620813815
794,269.9567949754212,0.01,0.21223861885844572
795,34.69621381306132,0.01,0.22486305195001924
796,265.1735844287592,0.01,0.21491414349711402
797,184.03070258493034,0.01,0.20966104734115876
798,259.1755079019302,0.01,0.2115844360812277
799,-67.75172182871424,0.01,0.21375709345166602
800,285.7735024524196,0.01,0.23405355107538478
801,-68.71969714397676,0.01,0.23327225432233903
802,271.97742950876733,0.01,0.2389951361619212
803,-115.74968103210924,0.01,0.23089415973259342
804,219.30031480933673,0.01,0.25504487250396546
805,-33.8470506857533,0.01,0.242338739373942
806,121.70343793008323,0.01,0.27428154364041984
807,220.35209197134378,0.01,0.2774596440435295
808,248.26413605560037,0.01,0.28674462009638507
809,-65.99841518241206,0.01,0.29178603534635744
810,215.83808014259463,0.01,0.2913231114546458
811,113.0622837709449,0.01,0.2768684211596847
812,241.13813096040337,0.01,0.2730887764482759
813,238.72730758216355,0.01,0.2639115845832305
814,246.07100345768393,0.01,0.2720999891615155
815,93.4385349801067,0.01,0.25030270297080276
816,254.5318804914981,0.01,0.2529485368082676
817,217.5331667553959,0.01,0.26525381039324647
818,168.43510550136384,0.01,0.2787578528592639
819,207.88923701003063,0.01,0.24720681963769667
820,272.2483843779255,0.01,0.24586118893973805
821,222.99518985495587,0.01,0.25360148382173875
822,253.98803460631893,0.01,0.23851749258529809
823,252.26943673096062,0.01,0.24748228325818974
824,244.38056733535376,0.01,0.2500293744432796
825,250.60374487575922,0.01,0.21376304258805476
826,257.945008117258,0.01,0.19166191729648105
827,229.00391252263768,0.01,0.19367458869202908
828,103.2457536938832,0.01,0.20706322422623635
829,269.35428052988067,0.01,0.19688717781913928
830,251.46961246564686,0.01,0.20032726303971077
831,233.59648921074177,0.01,0.21242573106304763
832,277.8052960089909,0.01,0.21067584057648978
833,126.46789056442702,0.01,0.19901408657431602
834,265.201886802937,0.01,0.2022728300699503
835,230.39489872197845,0.01,0.19854002719264208
836,14.508316435050517,0.01,0.19002820405148668
837,240.8683597888122,0.01,0.20379223002676378
838,254.78064093213086,0.01,0.20142270417677033
839,257.17280882167495,0.01,0.20342125272849104
840,230.4736715795195,0.01,0.2150004684649132
841,252.78772371265413,0.01,0.22263867891707473
842,-17.425210147636065,0.01,0.22198863308399153
843,142.51235690607487,0.01,0.21733413626439868
844,256.2131621215372,0.01,0.21943343052677564
845,50.504464668778894,0.01,0.21997550943819413
846,224.354647134963,0.01,0.21890033580484067
847,18.50579615803673,0.01,0.22921679179583276
848,230.2801382334803,0.01,0.19812094643147607
849,250.91441498970835,0.01,0.21110874101678956
850,240.68541102097154,0.01,0.22230011285782533
851,111.79652261156771,0.01,0.20977585782948882
852,241.54782763018272,0.01,0.19033771817568348
853,213.1764077202531,0.01,0.1966014973497678
854,210.59750389413665,0.01,0.1958895317864672
855,239.5947548390639,0.01,0.19930191576841907
856,262.88245529653085,0.01,0.2079164881199802
857,252.3744111012549,0.01,0.20958357128296412
858,256.4028957954496,0.01,0.19852960357910454
859,18.141487163815427,0.01,0.19995334220509375
860,249.78700348171165,0.01,0.21148058747857568
861,262.9359909771423,0.01,0.22528680248797173
862,-112.62049510967465,0.01,0.2568234369158745
863,240.60782084374296,0.01,0.23450972834303055
864,214.5390914823754,0.01,0.24063857057955274
865,244.47677726309468,0.01,0.2348268121982423
866,276.5194065465732,0.01,0.23526503772977292
867,260.0968576453822,0.01,0.25655273782243404
868,264.30155621441736,0.01,0.2405226731344181
869,223.0763653024802,0.01,0.2516251676750404
870,240.39275143820737,0.01,0.2556849142848538
871,251.77997469699247,0.01,0.2555803936478254
872,248.7066548424007,0.01,0.2569225814382909
873,268.11366795452625,0.01,0.23855765213233393
874,247.2525381479761,0.01,0.2465199357415277
875,235.52681685301098,0.01,0.25107240693898975
876,150.89840212360093,0.01,0.2441486903298646
877,14.449444835971704,0.01,0.22374591718499476
878,249.72024747195286,0.01,0.24197704889609115
879,118.53866913921402,0.01,0.2465600958224386
880,265.0735773996759,0.01,0.2177976210973139
881,221.66196297934496,0.01,0.23284299423297247
882,226.22449600716325,0.01,0.21698818647875473
883,258.3836590881657,0.01,0.22325830156855944
884,251.38628598498184,0.01,0.23741790226856133
885,278.8786722005855,0.01,0.2299679222613059
886,269.1295539892634,0.01,0.24256639906185137
887,210.49092592667694,0.01,0.23678209139750553
888,249.0374990754139,0.01,0.25644004732542647
889,247.56763905127585,0.01,0.2460888361474916
890,228.82443430115597,0.01,0.23656753038079287
891,268.8402232079665,0.01,0.2382484415297707
892,275.91676230726625,0.01,0.22685793116046438
893,159.7512860129511,0.01,0.22746840902883558
894,170.63072733830523,0.01,0.1996716102026403
895,221.1339254190105,0.01,0.18851543630601145
896,233.75010690241206,0.01,0.17189477822559812
897,265.95043188893425,0.01,0.1627349200161414
898,263.9063588669046,0.01,0.17159106036287328
899,234.52372280211412,0.01,0.17259276428729922
900,238.39815337037942,0.01,0.1776097351553994
901,236.55767753459062,0.01,0.17562472399620882
902,242.56908387635107,0.01,0.1748867439360104
903,241.28832716206608,0.01,0.1963449633436515
904,0.7421165089571247,0.01,0.1931012047624046
905,255.91433322640833,0.01,0.19368085846878014
906,156.42920095043056,0.01,0.19889631513506173
907,244.69668030068658,0.01,0.1925285954979791
908,281.114964305472,0.01,0.19991943711874546
909,253.79357717297458,0.01,0.20096966924261203
910,270.7993318327937,0.01,0.21023103028535842
911,246.6944659740516,0.01,0.20254399888334967
912,256.5270437874989,0.01,0.2110818166574931
913,266.72818121493464,0.01,0.19414353222830347
914,222.40312851293123,0.01,0.19683111273558626
915,242.6132210063325,0.01,0.20680928508423874
916,28.29423613091876,0.01,0.20303628537161597
917,240.7454495766472,0.01,0.19955753440389762
918,287.2551333630686,0.01,0.20309954022381516
919,274.01659196395565,0.01,0.19712691613389563
920,259.55439441633825,0.01,0.20769296785477886
921,271.9956297874372,0.01,0.20954464570052558
922,293.61486733821096,0.01,0.21029506310377818
923,228.28514292510795,0.01,0.2044185939285741
924,236.205942864968,0.01,0.210897743309799
925,278.1346343891315,0.01,0.2173241426427968
926,248.8872178367231,0.01,0.22675547322612216
927,290.20349859430195,0.01,0.24055223568881812
928,260.039417822304,0.01,0.22697024393607587
929,44.56963718307139,0.01,0.2352904170532437
930,246.5593743212182,0.01,0.23822869235676442
931,264.02443900732567,0.01,0.25590161664802935
932,41.7360002786524,0.01,0.2564735069428965
933,166.26971495859848,0.01,0.23869116958975792
934,224.82383283431432,0.01,0.22548542896868617
935,269.2417726177485,0.01,0.23085947816600344
936,269.07599947873643,0.01,0.21988945832033513
937,260.9777420067928,0.01,0.21759768997629483
938,214.1686305671575,0.01,0.2216686321413282
939,291.72961872339386,0.01,0.2235849176214574
940,269.00523769201016,0.01,0.21641232642493022
941,246.99799205713006,0.01,0.21613529178439206
942,294.6585389810827,0.01,0.2188504222633966
943,22.380893355705183,0.01,0.2203713565043384
944,262.2343921142913,0.01,0.2127959924804066
945,266.58807703991306,0.01,0.21143279890823471
946,267.86368722903353,0.01,0.2146326905620173
947,21.455855354536467,0.01,0.19951339414569014
948,250.5432815909281,0.01,0.19840555665618612
949,252.29309825038422,0.01,0.20792791497115784
950,251.76979933601524,0.01,0.20639256095893463
951,144.57970977180622,0.01,0.20152897025831043
952,234.65605401065434,0.01,0.18158610276665915
953,260.905398069896,0.01,0.1746855612995254
954,33.417685750630966,0.01,0.1635064831113114
955,257.6088524103241,0.01,0.18432870011188482
956,265.1411090333463,0.01,0.17015424853684707
957,232.88528971151817,0.01,0.1622618217982592
958,289.4735346808032,0.01,0.165306839132014
959,245.27844967116533,0.01,0.16596812282598788
960,281.8868537251971,0.01,0.16662519640025425
961,50.904274862666284,0.01,0.18925195089822647
962,276.68981477183,0.01,0.17601674186639993
963,271.64247929435635,0.01,0.18354386373809198
964,261.66059989607345,0.01,0.18155332734106017
965,241.05391099465785,0.01,0.17152303576500597
966,295.2719706104233,0.01,0.18786754798690647
967,268.4838611738942,0.01,0.16877304793803521
968,314.7834336338464,0.01,0.17558088522249213
969,189.79183953334362,0.01,0.1848544485342862
970,208.35273591804895,0.01,0.19032712909225508
971,257.1535766322805,0.01,0.18044887300971793
972,256.36602118910264,0.01,0.17854893134436875
973,11.557511084938142,0.01,0.1981846153115233
974,249.29629626380623,0.01,0.17184101186770326
975,153.7815845535251,0.01,0.19387315557152032
976,168.33835307402873,0.01,0.17305450613610446
977,20.55468561284357,0.01,0.16780644097736666
978,0.13103522769782217,0.01,0.17366772715047182
979,267.98320788545664,0.01,0.17162689988684232
980,259.053942479528,0.01,0.17866031981792777
981,269.15972965150036,0.01,0.17986300487887105
982,239.8959367031776,0.01,0.18235312174557144
983,248.97580941228682,0.01,0.16912343212678818
984,259.5684940328511,0.01,0.18656931163848572
985,200.18399085912495,0.01,0.1841793933533758
986,251.49275268543155,0.01,0.1911383602854372
987,253.06893197595966,0.01,0.17813588360862254
988,249.62322496501298,0.01,0.19049398544468457
989,256.9154212363831,0.01,0.18691766856651693
990,127.7392501447707,0.01,0.17733249668963252
991,290.13048900221025,0.01,0.17857198412880043
992,281.01774946788737,0.01,0.17755559170175167
993,270.8633021609835,0.01,0.16916136034981794
994,275.2389075173943,0.01,0.1724128787556362
995,253.1277735442405,0.01,0.16680672973032212
996,243.5631802766996,0.01,0.17509894050617036
997,256.5500414785665,0.01,0.17728868853657298
998,256.87409740193823,0.01,0.17581892977494978
999,226.82713406816802,0.01,0.18345092001243932
1000,254.17818444777433,0.01,0.1588317686057543
1001,285.28788276796774,0.01,0.17620656512799146
1002,257.34559726065186,0.01,0.17659968300170809
1003,303.54259575544825,0.01,0.1676691333738576
1004,167.6264503776867,0.01,0.17001644288562237
1005,263.5412006267553,0.01,0.17847868195049976
1006,154.7837871236513,0.01,0.17409231848419393
1007,263.33481630772695,0.01,0.17123114462027456
1008,217.53744956206566,0.01,0.15376295482503696
1009,235.8857034690667,0.01,0.17326862759811362
1010,231.77906863040764,0.01,0.17753544464331428
1011,227.43217541357117,0.01,0.1858932932653854
1012,296.48486046538864,0.01,0.18254256256139328
1013,60.94462289619091,0.01,0.1733894053087303
1014,286.57241903163765,0.01,0.16558205822825825
1015,256.1723435811557,0.01,0.17186124951119158
1016,261.9749236029912,0.01,0.17295054210055816
1017,224.4820499389272,0.01,0.16668021983293704
1018,170.85286851687462,0.01,0.16146255433559417
1019,271.16670199592033,0.01,0.16499210243801707
1020,264.5186910304376,0.01,0.1630538147844134
1021,238.90662178934306,0.01,0.16419446297610799
1022,254.56185333819855,0.01,0.14862881181479404
1023,231.27189435360296,0.01,0.14950794065465228
1024,273.0308767788076,0.01,0.14789958108850287
1025,247.42649616586138,0.01,0.14910411959426087
1026,152.197390876108,0.01,0.14152890580240637
1027,256.63247834749336,0.01,0.13123044625467697
1028,240.65062963247044,0.01,0.13201636789390483
1029,242.6038086355866,0.01,0.1318013837038996
1030,276.8450367779724,0.01,0.13101175517938232
1031,254.10930059481117,0.01,0.13165757995098828
1032,279.7296943228681,0.01,0.1381609503576096
1033,217.61719697860843,0.01,0.13508238059081387
1034,225.5039726669365,0.01,0.13630837789248854
1035,192.50006041346046,0.01,0.13479309472629963
1036,37.001649798935745,0.01,0.12885886622262338
1037,303.4035971395881,0.01,0.14412486806206737
1038,-0.42663987592416674,0.01,0.13840509658872052
1039,229.8130337480383,0.01,0.13542571900002026
1040,261.84480436233935,0.01,0.137609454653649
1041,232.15527348724302,0.01,0.13678220765645144
1042,150.85987451058412,0.01,0.13438934291433544
1043,258.2463008787431,0.01,0.13383809313239892
1044,288.46926245783555,0.01,0.13678300432084176
1045,302.17425284000933,0.01,0.14023290633427343
1046,-83.91643524999755,0.01,0.13274184408038855
1047,276.1160997002135,0.01,0.1287589030218837
1048,290.1372014761681,0.01,0.13719450549355575
1049,252.9182098701011,0.01,0.14311350254442892
1050,229.0126965270793,0.01,0.13552218330511034
1051,256.0903472801539,0.01,0.14255541595173818
1052,-20.275195769639605,0.01,0.1405518804313615
1053,238.03727101966186,0.01,0.12941294229205916
1054,277.8713037186741,0.01,0.1407966050871853
1055,123.16344903726225,0.01,0.13922517118416727
1056,257.5066307237985,0.01,0.12457761245711547
1057,253.88486580668652,0.01,0.14705606783014036
1058,31.09739081221477,0.01,0.1447549201091569
1059,304.7672239735375,0.01,0.1467304998417848
1060,256.5425950632041,0.01,0.14602085572284523
1061,273.75052852831425,0.01,0.14737521571772438
1062,175.8266992175871,0.01,0.13095887815300375
1063,288.7288864945755,0.01,0.11471631945634031
1064,192.19577060070034,0.01,0.12323214353294178
1065,286.5088379056417,0.01,0.11700659577574761
1066,168.6745032939335,0.01,0.12255427034571767
1067,150.29688208404912,0.01,0.11521493524406105
1068,-57.875833226469524,0.01,0.10758408214850351
1069,235.60143338487984,0.01,0.10153526214040545
1070,272.99005152478867,0.01,0.09903449438124723
1071,242.648218790347,0.01,0.09619640768926774
1072,242.2774653915748,0.01,0.09343006562418733
1073,266.7457944016502,0.01,0.09516417032537552
1074,2.78692866676856,0.01,0.09741961180232465
1075,227.94976849783905,0.01,0.09970892466412022
1076,277.77876544485264,0.01,0.10694445050718271
1077,288.28007161008935,0.01,0.09947473233332857
1078,243.15394342813698,0.01,0.10473453321660364
1079,-48.29987600718789,0.01,0.09440025295410305
1080,242.45401742162028,0.01,0.0859593272368026
1081,273.8761900011802,0.01,0.08335974760463133
1082,-143.15798534687684,0.01,0.08667976255568428
1083,255.48882984616546,0.01,0.09102355479330257
1084,289.61852640456925,0.01,0.1009100461557794
1085,257.8750115852574,0.01,0.0991075487075466
1086,265.28362387013783,0.01,0.10259255509225339
1087,210.65537521794568,0.01,0.10709285538158758
1088,272.3989033822007,0.01,0.11356281520747537
1089,288.84197875791483,0.01,0.12535289918176
1090,289.9576112982553,0.01,0.11711381027426125
1091,216.94441719746095,0.01,0.12538517450017375
1092,-102.20606503782433,0.01,0.12313440349232406
1093,164.9053928887067,0.01,0.12519502037008945
1094,240.58796642819354,0.01,0.13419384919196944
1095,134.566228438518,0.01,0.12366893574595451
1096,-58.40885511219618,0.01,0.11577893356978894
1097,51.797129943802865,0.01,0.1157756546731107
1098,275.82554377873953,0.01,0.11854757765875609
1099,269.98313531309907,0.01,0.12593523612815768
1100,259.40146254604724,0.01,0.12184462168682438
1101,237.08725044854853,0.01,0.11900775275122719
1102,20.776087655111382,0.01,0.11439298021627202
1103,203.98869638054833,0.01,0.11650318043629225
1104,249.53087606635884,0.01,0.12032235292770431
1105,226.60409729377471,0.01,0.12286531422568911
1106,296.9572603854125,0.01,0.11789741867010003
1107,-118.17689423187772,0.01,0.11804138749879532
1108,48.8983613784232,0.01,0.11768841544861894
1109,297.45922359334804,0.01,0.12205038253910108
1110,199.13082513888668,0.01,0.12095805141222965
1111,89.98729759032278,0.01,0.1107386524129016
1112,250.85669204405536,0.01,0.11749820808248324
1113,181.63363022636537,0.01,0.10384534010081552
1114,263.1941218245431,0.01,0.1012644021812936
1115,167.98682035311637,0.01,0.10278729326324537
1116,229.15908773013473,0.01,0.09288406357498599
1117,-101.50831560067319,0.01,0.10532175151894063
1118,219.31121528968166,0.01,0.10860085707436253
1119,196.71047113772977,0.01,0.11329336115904153
1120,-32.273312816464184,0.01,0.11194009912701754
1121,255.0330353155,0.01,0.10442541926526107
1122,30.422266693004133,0.01,0.11094337435705322
1123,130.37398822708803,0.01,0.10310957005620003
1124,0.7070055518663025,0.01,0.09497378870734188
1125,-79.40923777231049,0.01,0.09586854537669569
1126,201.92061140359755,0.01,0.09425612368088748
1127,256.6732354385439,0.01,0.08972485262213402
1128,253.56378624583974,0.01,0.09748015931232813
1129,-31.90996917099045,0.01,0.09167252083766628
1130,206.69482280385458,0.01,0.1045343711503319
1131,-11.433990634601065,0.01,0.09595539582101628
1132,197.4907049823045,0.01,0.09735984841493305
1133,32.77914168271994,0.01,0.1169231788367033
1134,34.92458178905292,0.01,0.10564755430775825
1135,247.47999335953494,0.01,0.10731797123248166
1136,263.0861671025741,0.01,0.10865763487527147
1137,264.32594835174257,0.01,0.12428684173910706
1138,258.92858669262637,0.01,0.11167628428287055
1139,-26.445155929131715,0.01,0.1159230843644406
1140,267.73193851057664,0.01,0.12887190442193638
1141,-35.631902403127526,0.01,0.13942872925884853
1142,213.48015098125276,0.01,0.14162092815174468
1143,267.21535459142274,0.01,0.14822611776012254
1144,-107.68260778944176,0.01,0.13862976683676242
1145,158.37254783886848,0.01,0.13340685153286905
1146,260.5142639372052,0.01,0.13047600952945282
1147,128.91899179380158,0.01,0.12791505459696054
1148,52.62166998788331,0.01,0.12098360379115215
1149,132.6272321824192,0.01,0.12242024796549231
1150,171.1682489857842,0.01,0.12037056297919521
1151,252.89695688695326,0.01,0.12857586128047163
1152,251.9823998246578,0.01,0.12449747405480593
1153,245.64472524674017,0.01,0.11215135972452117
1154,273.02778854077815,0.01,0.11440419548501571
1155,26.37143640485455,0.01,0.12411564847871918
1156,149.95681288253797,0.01,0.1165938536413014
1157,25.56400168777519,0.01,0.11083678670227527
1158,254.18388076539784,0.01,0.11656839267426677
1159,248.2719140233622,0.01,0.11431098165242777
1160,50.477559036581965,0.01,0.11224096397660216
1161,-17.538488923348325,0.01,0.11860223754343611
1162,39.592399551598845,0.01,0.11926703598644388
1163,-30.366181435262206,0.01,0.1187363256893416
1164,151.5376358957211,0.01,0.1190301104623072
1165,-0.4392371564400577,0.01,0.1251440982586183
1166,-7.303431072453776,0.01,0.11627399707671071
1167,266.51577472499037,0.01,0.1174587336632325
1168,263.68277501760224,0.01,0.12658486414517536
1169,49.09264831752117,0.01,0.1215171957203345
1170,257.63073261891145,0.01,0.11612037240113648
1171,236.42888059526436,0.01,0.1131060592769662
1172,234.50202509060802,0.01,0.11059173229559846
1173,119.89430050643007,0.01,0.11980150836333632
1174,284.1191108077611,0.01,0.11347329715113662
1175,244.87497299458445,0.01,0.11773464897704715
1176,32.1756800632196,0.01,0.12305448992022623
1177,131.416900357169,0.01,0.12070003691269085
1178,183.3099382098568,0.01,0.12787894934201088
1179,34.45350030270194,0.01,0.1322220568747624
1180,186.39562754577997,0.01,0.12809605614468456
1181,289.6562516805351,0.01,0.11563186762286416
1182,214.83716273573026,0.01,0.12560016240751565
1183,-64.50131827556176,0.01,0.11553022912633953
1184,32.06798323341175,0.01,0.11449857924203828
1185,10.831050358144708,0.01,0.11845384717853082
1186,-182.42271350369742,0.01,0.13758716242396096
1187,271.9294797082659,0.01,0.13620559589423575
1188,138.4593544778002,0.01,0.11688960819784552
1189,245.32378939278937,0.01,0.11046412157134688
1190,130.33193166239485,0.01,0.10023274149280041
1191,271.6764994797344,0.01,0.09381432689573148
1192,231.71378040433765,0.01,0.09573950633107477
1193,167.07923455019332,0.01,0.09116729846037924
1194,243.1351647818257,0.01,0.08568312705831667
1195,144.17091030311232,0.01,0.08400940249441191
1196,279.5887015446533,0.01,0.07664317382757899
1197,259.27576846527154,0.01,0.08739051827235728
1198,280.2781834346881,0.01,0.08162762408199556
1199,51.32382701643195,0.01,0.08754835038783804
1200,2.3761427453716095,0.01,0.0875441738710141
1201,-13.484701354591934,0.01,0.09657210825228846
1202,-58.247817971656076,0.01,0.10005861755851056
1203,259.3052922804792,0.01,0.09697830333773579
1204,250.83701625664474,0.01,0.10018840540212647
1205,179.71570178415706,0.01,0.10182519114037662
1206,8.356356228438713,0.01,0.10400085858154026
1207,153.19409674931816,0.01,0.10129585515428334
1208,-25.20408656015357,0.01,0.09313915988637342
1209,15.370510870608769,0.01,0.08716596989535991
1210,81.11760340582867,0.01,0.09844110568519682
1211,156.92893698409068,0.01,0.09720431344863027
1212,266.1178669804482,0.01,0.08872682525250832
1213,50.00706436932137,0.01,0.087591128612774
1214,30.975438897218368,0.01,0.10171498632942787
1215,133.18398487995825,0.01,0.10211430145567282
1216,264.57254126754447,0.01,0.10149972704334223
1217,52.37572119861389,0.01,0.09815683365380819
1218,258.19354321065515,0.01,0.10581841722922625
1219,245.05102145437806,0.01,0.10469296120932882
1220,260.3474708499705,0.01,0.10317791887958135
1221,58.46449580429092,0.01,0.11352765056319901
1222,258.0179267291004,0.01,0.1160324582284907
1223,141.85668685195776,0.01,0.1120579748195596
1224,249.6449160298448,0.01,0.11320784069561018
1225,284.5821154880709,0.01,0.11262733796137624
1226,254.81950289816294,0.01,0.113388126095136
1227,187.9308268730961,0.01,0.10999386253859848
1228,265.7436168526249,0.01,0.09597909284417915
1229,249.66800664965942,0.01,0.09261549748702064
1230,36.648187460451965,0.01,0.1005064792365634
1231,290.36595922645427,0.01,0.10531755425120236
1232,259.6574473320563,0.01,0.09210650177546569
1233,222.99239655305942,0.01,0.08999400303529745
1234,249.9978610381302,0.01,0.09238057303629076
1235,-15.928530908102715,0.01,0.08741243808500228
1236,271.98307771310306,0.01,0.09263040282148652
1237,74.98127228903289,0.01,0.08995982122308176
1238,267.81978047805234,0.01,0.09531170658445146
1239,273.0669560333424,0.01,0.09347917765411243
1240,248.90131874055947,0.01,0.08745870900856069
1241,230.65079888388794,0.01,0.08853210089728236
1242,60.59436735512702,0.01,0.09672863156845173
1243,44.86498106198553,0.01,0.08808643395702044
1244,244.09821878205904,0.01,0.09638640487069647
1245,283.8778309516483,0.01,0.08960130523470505
1246,212.92912029278713,0.01,0.09952796305957679
1247,49.67792660459733,0.01,0.10071815754617414
1248,288.9205417928424,0.01,0.09420649102663226
1249,282.107722910254,0.01,0.10304863072320151
1250,208.63924683897113,0.01,0.095236126906133
1251,202.42564804983215,0.01,0.10296722290055087
1252,228.2937985063901,0.01,0.1046183672835327
1253,154.42127573397812,0.01,0.1031925501213409
1254,29.194240637101927,0.01,0.09824554089216456
1255,274.378719431293,0.01,0.09602880435244691
1256,273.3293931370587,0.01,0.11049672481210078
1257,41.55617195982808,0.01,0.10095038117530446
1258,274.0561934577131,0.01,0.11807202561226542
1259,1.7698158791264973,0.01,0.1097896057235844
1260,153.9446179515717,0.01,0.10844308335566893
1261,234.49170047506092,0.01,0.11508133895147372
1262,75.05638076316896,0.01,0.10783128593383091
1263,305.63974628338326,0.01,0.1111148507250166
1264,262.61158487160384,0.01,0.10405957477306511
1265,157.19698575587807,0.01,0.10563418820220977
1266,58.490940334788974,0.01,0.09720819984554999
1267,44.00763295485663,0.01,0.09657037068003167
1268,244.10149449423074,0.01,0.10446198055548454
1269,150.12061655770626,0.01,0.09261621496919542
1270,242.20448488757825,0.01,0.09724926672836565
1271,271.2693145122046,0.01,0.09591139322409117
1272,301.3925291551536,0.01,0.08788395545958916
1273,262.23603944464895,0.01,0.08529222434211205
1274,57.558592001978354,0.01,0.09384548016710252
1275,47.746584542055416,0.01,0.09662268676150304
1276,53.30429638782829,0.01,0.08913185138171956
1277,278.5982912550706,0.01,0.09048400610638192
1278,42.804892481813226,0.01,0.09790075969794998
1279,286.8189778519537,0.01,0.098208207611643
1280,46.955607234638734,0.01,0.09642171624000184
1281,46.015509205128524,0.01,0.09131238779339652
1282,272.6896070003476,0.01,0.11223262664581458
1283,258.23128254336086,0.01,0.1044577287772158
1284,176.0404297854721,0.01,0.09972812116984278
1285,276.3383160262342,0.01,0.08789924562195356
1286,44.32113401390504,0.01,0.09797645742312455
1287,294.1013888994975,0.01,0.09918147462391944
1288,59.70999942747011,0.01,0.08996888598901968
1289,275.48740081835706,0.01,0.10043608623057387
1290,22.79253310467486,0.01,0.10674434653091654
1291,258.1472404247628,0.01,0.10142404680291928
1292,22.14147126682211,0.01,0.10714719130498308
1293,46.43575122648184,0.01,0.1086638619719477
1294,8.72897761860412,0.01,0.09957773647814368
1295,115.06739456565913,0.01,0.10562413796503096
1296,236.91306103185227,0.01,0.10611468756831782
1297,249.9151206713225,0.01,0.1066621976944628
1298,259.7561570977458,0.01,0.10731005359572911
1299,25.663090216885507,0.01,0.11270021896030921
1300,281.24396855707016,0.01,0.11818505516298931
1301,265.9302209641272,0.01,0.10942346006128434
1302,273.04620978370303,0.01,0.11719116616360516
1303,277.3127591329096,0.01,0.11692238089484655
1304,-0.8610322816741274,0.01,0.12739483740082697
1305,269.3290690583481,0.01,0.11927070549892697
1306,203.2008574160846,0.01,0.1098732850891538
1307,281.6887450124147,0.01,0.09630564384258769
1308,9.548268945095273,0.01,0.09699392779306933
1309,9.281250037039001,0.01,0.09395920175730306
1310,252.94194713119873,0.01,0.10531565583096866
1311,31.912276704237172,0.01,0.091313148276454
1312,68.41544418411056,0.01,0.09973785477451795
1313,43.91252903823255,0.01,0.09669867919506968
1314,252.70655491853546,0.01,0.09982548055704683
1315,245.70794911495452,0.01,0.10090933475317812
1316,-7.829699379352718,0.01,0.09933790500307906
1317,145.6092666618738,0.01,0.10578453775309027
1318,13.574993276124445,0.01,0.10494815940333027
1319,159.64254266406087,0.01,0.10067587621696293
1320,27.909256786920338,0.01,0.09717800045921786
1321,220.35352181160982,0.01,0.09367883072411215
1322,135.83628415397447,0.01,0.08472554866224527
1323,20.74178657689346,0.01,0.08049908300374178
1324,170.6599145724353,0.01,0.08041234131366946
1325,25.668523749866182,0.01,0.07592265623807908
1326,154.4300509577913,0.01,0.07448195500206202
1327,-1.1664313766574281,0.01,0.06521144164971222
1328,29.861651152560142,0.01,0.06786898876669885
1329,20.881579265932302,0.01,0.07700130517375381
1330,47.59928260975198,0.01,0.07008369412505999
1331,-4.192150938291789,0.01,0.07850148869412286
1332,172.39940704751987,0.01,0.08037037458084524
1333,65.96436674629729,0.01,0.07750268407411627
1334,263.13975918530286,0.01,0.074799391022313
1335,-125.02199024205798,0.01,0.08370409026075669
1336,25.911415261589852,0.01,0.08814108944585863
1337,27.864504924895215,0.01,0.08581618452136287
1338,247.37454580702038,0.01,0.09028359548257733
1339,15.991247816269265,0.01,0.08930424355423532
1340,247.43116048061177,0.01,0.09862615499608465
1341,29.839980081467843,0.01,0.10481217011037441
1342,238.12280398694523,0.01,0.09651133601796137
1343,289.47264995425434,0.01,0.09585958356902899
1344,120.91321854008129,0.01,0.08621048299688847
1345,47.00744739007442,0.01,0.07519072539108837
1346,239.29532847049617,0.01,0.0873321301953397
1347,225.3588168419554,0.01,0.08724515104187018
1348,57.737602442323606,0.01,0.08282555716524598
1349,38.22653191789925,0.01,0.1002459199289265
1350,14.814125386190454,0.01,0.07768496647235248
1351,32.12072633655296,0.01,0.10029713193870197
1352,40.102255883724666,0.01,0.09380583524825456
1353,271.1459574894376,0.01,0.09836028614641781
1354,17.815277420504614,0.01,0.1028765236842446
1355,188.55190889342384,0.01,0.10240527109039196
1356,46.49669921234732,0.01,0.10271985809269704
1357,265.00959821362034,0.01,0.10211442824460812
1358,122.74128912023437,0.01,0.10587014769646338
1359,262.683248238511,0.01,0.10569805740295145
1360,130.00097413414983,0.01,0.10266976584866642
1361,23.48233851022441,0.01,0.10212239702358036
1362,245.31504699199,0.01,0.1033417232237482
1363,29.76810012827869,0.01,0.11624745422712535
1364,139.2437254061758,0.01,0.11590442747995257
1365,135.7751929719415,0.01,0.10020784795400686
1366,161.9805486095463,0.01,0.08980485544728375
1367,207.37425174610075,0.01,0.09260003427730247
1368,215.49359098072955,0.01,0.09688969031436839
1369,275.8138425271675,0.01,0.10049174312778093
1370,43.73095589098966,0.01,0.08864693594133032
1371,228.2915262632253,0.01,0.09806238683943565
1372,14.239501438301488,0.01,0.1024503822389402
1373,272.391363829431,0.01,0.10748229100363714
1374,51.76827297506543,0.01,0.10620272412562548
1375,221.48606109954824,0.01,0.09764170003472827
1376,67.26816911087519,0.01,0.10819051019523455
1377,182.40861112899074,0.01,0.10421231780569878
1378,-376.1631869713011,0.01,0.09735649288862501
1379,245.00396691690727,0.01,0.10601414393146967
1380,271.75420867398617,0.01,0.11168405578319131
1381,274.41805591438094,0.01,0.11487439621809371
1382,26.88739415205663,0.01,0.11639673021944383
1383,268.8881952429035,0.01,0.10227871532266845
1384,259.89414278884385,0.01,0.12113301957542279
1385,247.66623908671522,0.01,0.1124203289930637
1386,283.4468842270703,0.01,0.11955199740269286
1387,266.9610815631346,0.01,0.12369807660275989
1388,276.7554493070994,0.01,0.11819433283356838
1389,144.67963897553602,0.01,0.12498907270142809
1390,269.6227069381488,0.01,0.11904570224506808
1391,43.08387400862165,0.01,0.11747906962004692
1392,-463.82326847411764,0.01,0.12351741547667489
1393,40.13209020636788,0.01,0.1110464531197169
1394,33.90982551001329,0.01,0.12368883088091824
1395,1.0512208989344174,0.01,0.11117025593770032
1396,-88.80684761272245,0.01,0.11621721263956995
1397,-280.91521725898747,0.01,0.11171766611245962
1398,257.103155016262,0.01,0.1272731704307587
1399,251.84037493045767,0.01,0.13317143461828293
1400,272.0326846602396,0.01,0.12580579591116736
1401,-11.450084308179754,0.01,0.14180688698624455
1402,284.6606941877773,0.01,0.13515938725322485
1403,38.608341840779815,0.01,0.12764990108428143
1404,235.2461969181724,0.01,0.12788864085554133
1405,127.07192091661767,0.01,0.12697131513245405
1406,-233.9745263472144,0.01,0.13242666289936436
1407,45.5626700432004,0.01,0.12751679910439337
1408,167.10711399359784,0.01,0.12128571248333901
1409,296.44952041887916,0.01,0.11318765194091486
1410,287.054031763618,0.01,0.10055254655027832
1411,284.99389239417604,0.01,0.10970882677579022
1412,282.6615041839224,0.01,0.11287875784839985
1413,242.94045139464006,0.01,0.1061543017729289
1414,277.2054122031144,0.01,0.10793841399618999
1415,264.5118522415595,0.01,0.09724411556240299
1416,269.88911553357894,0.01,0.09678028139823712
1417,246.33865473797485,0.01,0.1011858262002277
1418,281.7770821849796,0.01,0.10236218500235197
1419,44.849948539550894,0.01,0.10059647386022393
1420,47.563738760410075,0.01,0.10228359295229475
1421,242.55193489629394,0.01,0.10367879244967342
1422,-27.223155306049833,0.01,0.11187247676973783
1423,288.7520824605674,0.01,0.10202476765541088
1424,62.06946348079708,0.01,0.11237705867413593
1425,243.83209332280296,0.01,0.10027077800993409
1426,35.9764302704005,0.01,0.10743141712973246
1427,265.30997050683965,0.01,0.1155141323552768
1428,120.12929076741473,0.01,0.10124693791521713
1429,-274.33231799158546,0.01,0.08257447978531993
1430,312.74967124147213,0.01,0.08822802858732974
1431,50.372519305911226,0.01,0.10592523004491756
1432,181.2615923068093,0.01,0.09456366963760914
1433,269.76992306161446,0.01,0.08773214105718039
1434,282.67671625823107,0.01,0.08374424080830067
1435,158.09466293981183,0.01,0.08952961709909141
1436,28.559933697704565,0.01,0.08461242613172339
1437,3.508261939948966,0.01,0.08303343469142607
1438,31.54839092918442,0.01,0.0990744198470012
1439,60.048050531439856,0.01,0.08741145622671435
1440,257.4693730461231,0.01,0.10008619680584217
1441,42.5806647357694,0.01,0.09781496325022962
1442,24.196196178439124,0.01,0.09178221548119417
1443,55.83636266033264,0.01,0.09658608965821995
1444,253.13263265975718,0.01,0.10108504162407389
1445,48.36408955156651,0.01,0.08866012888875875
1446,270.04076256919825,0.01,0.10101317236384333
1447,251.75418069567002,0.01,0.11101392918196372
1448,284.63401556604316,0.01,0.10700604816809399
1449,30.74834832545139,0.01,0.11160687737361487
1450,46.083143596462264,0.01,0.09276379131384797
1451,68.56291677651888,0.01,0.10235155773466652
1452,22.521993593091466,0.01,0.12273417450078242
1453,266.77911642298295,0.01,0.10805880024893098
1454,65.89295369534653,0.01,0.09727458816811146
1455,77.54196627246625,0.01,0.09884128769508739
1456,307.1523457005154,0.01,0.11043771290826764
1457,217.50378983314056,0.01,0.10332280025421374
1458,243.78297837433823,0.01,0.10361238585531034
1459,264.12171621098764,0.01,0.10704258428213287
1460,54.01308377700056,0.01,0.11474743758860444
1461,268.6753676124947,0.01,0.11725377911070903
1462,32.13198644378994,0.01,0.10962844944654782
1463,284.26325809618316,0.01,0.10472070999202077
1464,18.832183751934892,0.01,0.10317006365706523
1465,56.54748113993651,0.01,0.1127767782558554
1466,77.9374876413554,0.01,0.10072300097326169
1467,63.29068489665383,0.01,0.12085414211292869
1468,18.799884680427226,0.01,0.11569177378260065
1469,67.59900298434718,0.01,0.10897248319660624
1470,37.51216465925049,0.01,0.11452020901266396
1471,242.63329434928897,0.01,0.11830691348903043
1472,242.08930698895654,0.01,0.11488249381334636
1473,256.4772452786222,0.01,0.10625668484166825
1474,247.1318910992897,0.01,0.11032160835478592
1475,146.15106913148628,0.01,0.10987392908497713
1476,276.4507409021985,0.01,0.10695807594660815
1477,263.9830486597643,0.01,0.10522997723005358
1478,28.742304754080436,0.01,0.10694250452138905
1479,22.074988735026352,0.01,0.11723236960165624
1480,20.89599103373932,0.01,0.11240413080041226
1481,268.1624055407478,0.01,0.11854109615561063
1482,116.61234437511023,0.01,0.10175048261904157
1483,270.79573029047697,0.01,0.09514042131330182
1484,266.0311783880931,0.01,0.08572627727367114
1485,266.77941052587806,0.01,0.09426886735768136
1486,-24.273375266759587,0.01,0.09209399936454636
1487,244.51480716552257,0.01,0.08695374808828288
1488,267.9087427398169,0.01,0.0870723917274723
1489,248.2175696111817,0.01,0.09006210797789675
1490,129.52676945361839,0.01,0.08139171790331602
1491,13.93511568102879,0.01,0.07990811307293673
1492,170.080240990613,0.01,0.07213174256449566
1493,56.92948922515885,0.01,0.061825368369435085
1494,31.34540569691646,0.01,0.057860574600371445
1495,238.46148036703858,0.01,0.06029105527035817
1496,39.39781642388442,0.01,0.059841656736995374
1497,295.97821865210096,0.01,0.05740001987483676
1498,258.59203836318983,0.01,0.05963314553975603
1499,265.79373532961915,0.01,0.06454469836260215
1500,237.51712818564403,0.01,0.05971710801808328
