0,-319.08757755659576,1.0,0.310155274776312
1,-94.67154266033846,0.99802,2.6667865707593807
2,-302.3629897729121,0.99604,2.19214868041831
3,-453.3689049469638,0.99406,1.9730218238425705
4,-306.7327810665889,0.99208,2.1611175072193145
5,-246.93845669850865,0.9901,2.078389768799146
6,-101.37776049502455,0.98812,1.9759048543114592
7,-400.62487385932485,0.98614,2.0532485727678265
8,-50.008829407773185,0.98416,1.7019732099183849
9,-193.41215328204032,0.98218,1.6928453000925354
10,-97.18031302229689,0.9802,1.5702859260598008
11,-180.1326648746767,0.97822,1.9339659098121855
12,-246.90439935174768,0.97624,1.6818889099008896
13,-296.9204968438602,0.97426,1.2987298431219878
14,-138.2676712387995,0.97228,1.1357057058148914
15,-117.30342004929976,0.9703,1.2188787698111636
16,-90.49653545729063,0.96832,1.096617403221719
17,-95.65697925323714,0.96634,1.2170023373195102
18,-92.55431725899862,0.96436,1.1905489310622215
19,-101.53039753333913,0.96238,1.0749860593717393
20,-221.69024406330817,0.9604,1.110012159265321
21,-349.48623677631156,0.95842,1.267780369804019
22,-99.22752259748299,0.95644,1.1708611923045125
23,-290.75815970875306,0.95446,1.147683112244857
24,-101.8012374872108,0.95248,1.1022272875059898
25,-385.460923699606,0.9505,1.2433707584329203
26,-89.11998665089618,0.94852,1.298159387140047
27,-97.96667078975969,0.94654,1.2977540668319254
28,-128.09993083154606,0.94456,1.2796923048653692
29,-137.2267394243969,0.94258,1.3491786079441044
30,-282.88361864698027,0.9406,1.274345881991334
31,-125.13580287464195,0.93862,1.4036464019666743
32,-97.20322636853531,0.93664,1.5086772589339423
33,-220.27164656153565,0.93466,1.500182212743544
34,-69.33928845632343,0.93268,1.436308850135122
35,-41.786733361811216,0.9307,1.3794717249032613
36,-141.38246335778882,0.92872,1.370872748169032
37,-151.0362148974617,0.92674,1.4857251472198045
38,-186.56925731408592,0.92476,1.2983804047107697
39,-135.17869561861562,0.92278,1.3706775153731252
40,-31.859363342876435,0.9208,1.4855420064358484
41,-121.34102210115043,0.91882,1.544475824072741
42,-124.23450373409504,0.91684,1.4408177892002492
43,-363.9082003915488,0.91486,1.4213794314612944
44,-186.64921662189732,0.91288,1.418289997180303
45,-114.8883977548769,0.9109,1.540511863761478
46,-93.65276775233099,0.90892,1.5023085793310946
47,-151.55799064880267,0.90694,1.4257262275844325
48,-78.08091818037202,0.90496,1.4393326604836865
49,-261.22076494905554,0.90298,1.43543564024217
50,-90.2224214084145,0.901,1.5964150681640163
51,-158.06478649969932,0.89902,1.4993880396490697
52,-90.34710437551507,0.8970400000000001,1.5402461304687536
53,-86.03693162388792,0.89506,1.4173890524599926
54,-205.90751229952673,0.89308,1.4826909374107013
55,-102.49371468492089,0.8911,1.5108583667843611
56,-69.60604643544302,0.88912,1.5819534727505276
57,-84.68925865755946,0.88714,1.5330632156220034
58,-75.4194871217572,0.88516,1.5902846654256184
59,-126.02304954573077,0.88318,1.518057245867593
60,-225.58941976755517,0.8812,1.4828151124715805
61,-99.35137190899877,0.87922,1.4926923210422198
62,-223.12832158809456,0.87724,1.467674041276469
63,-149.98339571224932,0.87526,1.434219394683838
64,-70.9068565986832,0.8732800000000001,1.4260129604046627
65,-122.93557291109495,0.8713,1.5597208723425866
66,-114.72908504525364,0.86932,1.5061272799152217
67,-46.98014432426191,0.86734,1.3700189980176778
68,-131.8110565153491,0.86536,1.4947553101436113
69,-65.0933574810065,0.86338,1.4526049210911705
70,-66.24917452746793,0.8613999999999999,1.5525104269689443
71,-24.88285010542279,0.85942,1.5626310862383797
72,-236.7043653187842,0.85744,1.7907064358393352
73,-108.35453390027826,0.85546,1.7142325043678284
74,-91.57299239999419,0.85348,1.6354371952075584
75,-108.96990579334765,0.8515,1.6155488278184618
76,-89.03765145711752,0.84952,1.5152767089615882
77,-142.44003648053732,0.84754,1.5158154588561874
78,-21.1893532001301,0.84556,1.5226306841545498
79,-116.51879752115215,0.84358,1.5390851746683252
80,33.714834312822035,0.8416,1.5587813212321355
81,-63.61457653349942,0.83962,1.5958318561315536
82,-48.05510912520206,0.83764,1.5846445054136298
83,-45.73203694247388,0.83566,1.3988631658666715
84,-132.06374211132874,0.83368,1.4835878032626528
85,-112.91793407193796,0.8317,1.468535223314839
86,-89.57548183912618,0.82972,1.3248848579462291
87,-105.41021153019561,0.82774,1.5107742855523496
88,-23.50391579204731,0.82576,1.3935648261910618
89,-104.57521779635708,0.82378,1.5625472275480148
90,-195.51996658705286,0.8218,1.4739700000510256
91,-40.8474107677996,0.81982,1.3605098023414612
92,-106.82211915165857,0.81784,1.3196170876423519
93,-63.073276640434884,0.81586,1.2746426237439645
94,-89.24651403080962,0.8138799999999999,1.3192389340154709
95,-382.1046745946851,0.8119000000000001,1.262949022554582
96,-90.94498561959342,0.80992,1.2833831542629306
97,-228.84237568481635,0.80794,1.2553723779591648
98,-86.14896938433473,0.80596,1.2073391464195753
99,-41.66615708946443,0.80398,1.219658023722115
100,-111.12668239354531,0.802,1.1885250608126323
101,-79.37674781373184,0.80002,1.264738037397987
102,-58.2032158500965,0.79804,1.2194189137280589
103,-64.64042755676702,0.79606,1.1085500747397325
104,-47.98618593593436,0.79408,1.1019571716823275
105,-97.16472192299763,0.7921,1.12902362616557
106,-31.38945404812975,0.79012,1.1913766111097028
107,-67.43707427978724,0.7881400000000001,1.0717442058252566
108,-119.21779348544139,0.78616,1.1080970869344824
109,-81.92306959496949,0.78418,1.116986583504412
110,-75.260759951643,0.7822,1.0254591061282403
111,-66.37638771188608,0.78022,1.0892794720637493
112,-58.38757645760412,0.77824,1.037692677286955
113,-87.9317350531789,0.77626,1.0867648377448698
114,-51.88069752250921,0.77428,1.0600969518456504
115,-194.8710516795317,0.7723,1.019947507729133
116,-66.56643260531135,0.77032,0.9955490633343043
117,-70.85966258071173,0.76834,0.9792026851766853
118,-123.02697382763886,0.76636,1.01262100837354
119,-35.81585732184091,0.7643800000000001,1.0040431502511946
120,-70.44600578195212,0.7624,0.9552697025573076
121,-208.548072099843,0.76042,0.9657608055530634
122,-295.5353763295626,0.75844,0.9952735325504589
123,-67.37196381844004,0.75646,1.001765754164719
124,-111.44361151676927,0.75448,0.9491849302016583
125,-192.6036455810255,0.7525,0.9243866991538268
126,-106.128083530966,0.7505200000000001,0.9743017767156873
127,-173.38742260795664,0.74854,0.9789344402650992
128,-2.0647217086821428,0.74656,0.928424831893709
129,-50.539928605506766,0.74458,0.9555263958359492
130,-64.23625402223541,0.7426,0.9202677197754383
131,-70.03838684565497,0.7406200000000001,0.9125531976515392
132,-94.88984459384717,0.73864,0.9118393921590113
133,-103.7766230272541,0.7366600000000001,0.8971370027481931
134,-26.712852567602383,0.73468,0.8404770231870717
135,-52.033635325800745,0.7326999999999999,0.8414922465296353
136,-124.08973398683622,0.73072,0.8537256972091954
137,-115.5464001467778,0.7287399999999999,0.8813573322866274
138,-68.63019867796487,0.7267600000000001,0.7980836626402167
139,-51.182342771961224,0.72478,0.8660535025365145
140,-69.55711119359984,0.7228,0.8495315367096588
141,-33.64667179074745,0.72082,0.8071870539606232
142,-63.77448006833357,0.7188399999999999,0.758728850632906
143,-77.26221419795033,0.71686,0.7672279227931961
144,-68.75854407261934,0.71488,0.7840014808788532
145,-22.32294164309134,0.7129,0.7923056621279493
146,-72.75979287590776,0.71092,0.8215338914361718
147,-54.22388106514329,0.70894,0.6982380091389523
148,-60.99901436140106,0.70696,0.745442311482868
149,-91.83090132529283,0.7049799999999999,0.6929647942012716
150,-1.891095703224991,0.7030000000000001,0.6976042000839374
151,-38.911807097462145,0.70102,0.8178534330205715
152,-92.42777588615778,0.69904,0.7518769664546618
153,-91.37519236972548,0.69706,0.7558455113569895
154,-63.879376172204125,0.6950799999999999,0.7474942112390974
155,-76.39124538564833,0.6931,0.7605260030976657
156,-78.41855838903436,0.69112,0.755327554058659
157,-52.87310924653908,0.68914,0.7237835121560471
158,-95.02041367381099,0.68716,0.6989103027699907
159,-44.16227197324168,0.68518,0.6598262629632292
160,-67.65005833946732,0.6832,0.7250925005862007
161,1.0267721221995743,0.68122,0.7162441132160333
162,-58.527561048777486,0.6792400000000001,0.7695426320036253
163,-46.690580108346566,0.67726,0.7066651510371678
164,-32.39026761091293,0.6752800000000001,0.6659548929822978
165,12.252489155176875,0.6733,0.6932515086233616
166,-78.33840846881202,0.6713199999999999,0.721449942461082
167,-52.71625505725447,0.66934,0.6633883716759982
168,-2.3857557932284124,0.66736,0.6919762265045666
169,-93.93957481397622,0.66538,0.6214812653668133
170,-49.17026455902498,0.6634,0.68032410957768
171,-54.13770881753941,0.66142,0.7214508747632524
172,-82.88762459008373,0.65944,0.5904110630876139
173,-43.131623635013916,0.6574599999999999,0.6130972678011114
174,-61.05432507844301,0.6554800000000001,0.5756144441664219
175,-48.83710251613289,0.6535,0.59162520387998
176,-75.86406098711689,0.65152,0.5794837537933798
177,-63.544515237060246,0.64954,0.58003477923638
178,-51.20173762487853,0.64756,0.5805776454059475
179,-57.692866879911435,0.64558,0.5327874229800317
180,7.1377116703968255,0.6436,0.4957678538176321
181,-43.32338204056077,0.6416200000000001,0.5936315722637258
182,-73.27358761766384,0.63964,0.5674327799389439
183,-63.27945566515723,0.63766,0.6052250540838009
184,-50.277518409895336,0.63568,0.6007955426206956
185,-89.56714012080364,0.6336999999999999,0.5812890745523408
186,-61.901790728008976,0.6317200000000001,0.6028050011563524
187,-28.79484012914955,0.62974,0.567333799925181
188,-47.50892897239147,0.62776,0.5586511656917907
189,-63.481202746831634,0.62578,0.6311637261803721
190,3.010223432425647,0.6238,0.5686989779795072
191,-71.34280039686348,0.62182,0.6095371262742839
192,-35.77255153473915,0.6198400000000001,0.5733459203615101
193,-18.313585045045627,0.6178600000000001,0.5420074566852214
194,-1.473004690840071,0.61588,0.5753252714533698
195,-41.19757929253906,0.6139,0.5222968298976667
196,-50.71754038358036,0.61192,0.5444435656803553
197,-76.70447269429609,0.6099399999999999,0.5239119641153158
198,-52.60106319652964,0.6079600000000001,0.5900906959334306
199,-38.14374402523991,0.60598,0.5727244253341969
200,-90.820462271334,0.604,0.5584913622473646
201,22.564044984976633,0.60202,0.6803110727667808
202,-13.849596113843901,0.60004,0.6373041236992949
203,-62.10242560909607,0.59806,0.7184773695795503
204,-106.85883082955917,0.5960799999999999,0.6897106400180247
205,-24.02700706356596,0.5941000000000001,0.6833801819641787
206,-37.244872824488354,0.59212,0.5884105349288268
207,2.8020626446116808,0.59014,0.6031854490333415
208,21.64982279901379,0.58816,0.6113471795330968
209,-6.173902313971681,0.58618,0.5600168892001146
210,-0.3902858435380381,0.5842,0.5662463772061624
211,-50.35168485938299,0.58222,0.5804259468922797
212,-56.36827345020057,0.5802400000000001,0.5548106990531533
213,17.60907144538902,0.57826,0.48878386417596503
214,2.2536089807048825,0.57628,0.5179169678047999
215,-44.98293933433192,0.5743,0.5083161839368668
216,-14.690195347417841,0.5723199999999999,0.48473824785892355
217,-179.2038758331301,0.5703400000000001,0.5204289394625744
218,23.859658322513383,0.56836,0.7055552653895999
219,-50.54097138476518,0.56638,0.6763401606253215
220,31.22317845718152,0.5644,0.6478263727005791
221,-50.9700620945163,0.56242,0.6678685587128448
222,44.106813942458444,0.56044,0.5843730958238724
223,-114.05511439795625,0.55846,0.6380668821615901
224,-29.249139340528203,0.5564800000000001,0.608822459097092
225,-13.674947069733975,0.5545,0.601420000600977
226,-47.8843159988635,0.5525199999999999,0.6322035407478159
227,9.043414049374107,0.55054,0.6394814688611675
228,9.991803626609126,0.5485599999999999,0.5849035339203873
229,8.564915437151285,0.5465800000000001,0.5749585106001271
230,-59.464248486665795,0.5446,0.5587251938202165
231,-85.04117952149944,0.54262,0.6073636038828705
232,-0.6766240397001013,0.54064,0.5966906857422807
233,-33.248510041007776,0.53866,0.5597756918933656
234,-36.88176662985252,0.53668,0.5416567651172207
235,-49.13620879688712,0.5347,0.5242292042359833
236,-64.20166347364271,0.5327200000000001,0.5315868443645099
237,-2.7699863004871474,0.53074,0.5545465813431525
238,-32.004105694786205,0.52876,0.5262884744826485
239,-10.706818945398396,0.52678,0.5177993590507326
240,-21.74104992861399,0.5247999999999999,0.4882131133055845
241,-147.90358785136556,0.5228200000000001,0.5270242154148955
242,-49.37454424431159,0.52084,0.5846406407654285
243,-21.44177454378375,0.51886,0.5294506448353159
244,-49.47925457132234,0.51688,0.5670016987456216
245,-38.59331054456112,0.5148999999999999,0.5739552606927588
246,-12.76553962225286,0.51292,0.5655705818050617
247,-37.566890873538455,0.51094,0.6115772078890319
248,-15.586920354591214,0.50896,0.5748345695360743
249,-56.17258848974765,0.50698,0.5759715131587453
250,-71.31094837072808,0.505,0.5861958166874877
251,-75.39514035463571,0.50302,0.6474288285576871
252,-49.72561640514718,0.50104,0.6030437383386824
253,0.4192831507405941,0.49905999999999995,0.6659518681913614
254,13.838306751714033,0.49707999999999997,0.8520466679483653
255,12.579861400047818,0.4951,0.8863934464022225
256,-11.57420134397563,0.49312,0.9947555087348248
257,-65.05656841354968,0.49114,0.8601521945517996
258,-68.91178559704586,0.48916000000000004,0.9751580799779584
259,-47.76681982424826,0.48717999999999995,0.9294914585402888
260,-78.99459482088596,0.4852000000000001,0.8609109510866444
261,-53.531760689081096,0.48322,0.7620062260765738
262,-12.307865711808958,0.48124,0.8186447905088828
263,-24.636950892028207,0.47926,0.8326878395527602
264,-27.150776273577023,0.4772799999999999,0.8578569525203039
265,-27.77422506827925,0.47529999999999994,0.8862862237441687
266,-11.345038110042466,0.4733200000000001,0.841917096954031
267,-95.7489658072262,0.47134,0.8733076097768381
268,36.85740328700402,0.46936,0.943634863875129
269,-33.30681480400584,0.46738,0.8393555947002911
270,-33.53639500658589,0.4653999999999999,0.8322385200299323
271,26.149097453615962,0.46341999999999994,0.880662368491292
272,-19.9647596102091,0.4614400000000001,0.8954050024547199
273,-35.062826220919675,0.4594600000000001,0.8617127114328845
274,-52.69350962200522,0.45748,0.9076287135779858
275,-49.777169849060066,0.4555,0.956846077297185
276,2.3617686697912887,0.45352000000000003,0.9274055491561538
277,-25.08292337104399,0.45153999999999994,0.914572427118266
278,-28.73877550579462,0.44956000000000007,0.9411879279911518
279,-218.0498568865474,0.4475800000000001,0.9697368043935162
280,5.2597374568779,0.4456,1.0126714298412913
281,-10.158323041525364,0.44362,0.8636292930043071
282,-25.99572798773896,0.44164000000000003,0.9140804465708694
283,-156.52522943403386,0.43965999999999994,0.8869422636691879
284,-13.27606088945974,0.43767999999999996,0.9036009790599346
285,47.782068301945884,0.4357000000000001,0.954009593840231
286,-11.194623420270858,0.43372,0.914624627976291
287,-237.1667561902768,0.43174,0.8965112696043344
288,-31.562696593917153,0.42976000000000003,0.8604231109296469
289,-15.014813548830048,0.42777999999999994,0.7819185320820127
290,-71.12731887608038,0.42579999999999996,0.8647419718287935
291,20.9136588863487,0.4238200000000001,0.8403203354941474
292,-31.12043886783502,0.42184,0.833569694164745
293,-41.65069749927531,0.41986,0.8284177358945211
294,-2.9356801002658557,0.41788000000000003,0.8033991465749948
295,-286.69905364628073,0.41589999999999994,0.8183212307559979
296,6.933052402893097,0.41391999999999995,0.8254459476107874
297,-6.107612733186073,0.4119400000000001,0.8263990909469371
298,-2.1029879760145036,0.40996,0.7847566389760305
299,-29.749431835163392,0.40798,0.8317226734426286
300,-101.15299876147856,0.406,0.8561352559732734
301,-176.0919238200956,0.40401999999999993,0.790100401588555
302,-92.43983060075594,0.40203999999999995,0.8164993518072626
303,17.672379994789992,0.4000600000000001,0.8896538734436035
304,-35.7469923116881,0.39808,0.7691979428231717
305,-54.302645201759816,0.3961,0.7682556980848312
306,-69.97576487453775,0.39412,0.8125631243578697
307,-124.01153018714736,0.39213999999999993,0.786729637685479
308,21.664160699866713,0.39015999999999995,0.7749490873648388
309,-53.15794344636488,0.38817999999999997,0.7895507064461708
310,11.919652369739282,0.3862000000000001,0.7834492651354364
311,-82.53946258213777,0.38422,0.7433698123469948
312,-11.122613816719692,0.38224,0.7632095983592413
313,-91.35049747976242,0.38026000000000004,0.7104672768712044
314,-63.61416133405645,0.37827999999999995,0.7236709663191357
315,3.054478529990887,0.37629999999999997,0.7147303950488567
316,-41.92049743451804,0.3743200000000001,0.6942650860953099
317,58.24738407235641,0.37234,0.7451554115563631
318,-46.98221620902903,0.37036,0.8391460494995118
319,-26.980366598453706,0.36838000000000004,0.8026824287325144
320,-37.404437957205985,0.36639999999999995,0.7950466725826263
321,-13.000563359292258,0.36441999999999997,0.7548787034287745
322,-4.826826234131795,0.3624400000000001,0.7097197526171803
323,-41.50359773511717,0.36046,0.7496885732568875
324,-35.349096209412906,0.35848,0.6849403079026021
325,-13.033534586526983,0.35650000000000004,0.6688676249543462
326,6.7167014491347174,0.35451999999999995,0.6141165399484421
327,22.51819417505367,0.35253999999999996,0.6708678615093231
328,-46.36983253415459,0.3505600000000001,0.6604084076732397
329,-13.694511368471169,0.34858,0.592917568304322
330,50.8162818010053,0.3466,0.6163913744986057
331,2.060182642077635,0.34462000000000004,0.5448688787509159
332,-151.2011178511452,0.34263999999999994,0.5378307506566766
333,22.117714467808327,0.34065999999999996,0.5682866928669122
334,72.91358341329025,0.33868,0.5750471919029951
335,-22.35606621272143,0.3367,0.5520594391529843
336,54.99239190510113,0.33472,0.5771316301226616
337,18.551101363858738,0.33274000000000004,0.5256029429137706
338,-87.14919515457701,0.33075999999999994,0.5314808831737348
339,34.24796504000523,0.32877999999999996,0.5417183624661487
340,19.855932490856432,0.3268,0.5302608675584197
341,-41.44937788560475,0.32482,0.5031539305740473
342,40.00667801197602,0.32284,0.48457246762935563
343,-36.84561797453355,0.32086000000000003,0.49333652955564583
344,-32.15522823206389,0.31887999999999994,0.5106449434090228
345,58.49443741529683,0.31689999999999996,0.4655076598837262
346,-9.370360284360487,0.31492,0.5337160273332788
347,16.093633344312373,0.3129400000000001,0.48164930010586976
348,-9.116677267108157,0.31096,0.4540964554846287
349,-17.485201234625205,0.30898000000000003,0.4316695424541831
350,14.982513566561934,0.30700000000000005,0.45898650546331665
351,-45.19672592658908,0.30501999999999996,0.412810169578938
352,-26.71405359219976,0.30304,0.43730033061334067
353,-9.380802966599745,0.3010600000000001,0.41843239706138086
354,-22.00507922182274,0.29908,0.45029076034168025
355,3.8165201815640026,0.29710000000000003,0.3982529621049762
356,25.87033839424691,0.29512000000000005,0.35153131314367053
357,-56.24351241064778,0.29313999999999996,0.3562532157608957
358,-56.214013602865656,0.29116,0.33891844508193786
359,14.838647865234151,0.28918,0.34573236185879935
360,-64.77880629088607,0.2872,0.40563771234103535
361,-32.75759569271571,0.28522000000000003,0.48106809813999435
362,3.5677385351604585,0.28324000000000005,0.48098212316280275
363,5.641109488703779,0.28125999999999995,0.40616938933730123
364,-16.043531138064665,0.27928,0.3747261217662266
365,-18.911271483161443,0.2773,0.41424625425235084
366,-29.97208067312998,0.27532,0.420867234080409
367,-38.3816865698652,0.27334,0.3914674796760082
368,35.128960738167024,0.27136000000000005,0.38877958863189344
369,24.78695173947702,0.26937999999999995,0.38577177234739063
370,-23.721407866703558,0.26739999999999997,0.34911142551415675
371,4.185093438987504,0.26542,0.3552260248363018
372,-16.58338750844693,0.26344,0.3299357071146369
373,-39.744224494739846,0.26146,0.3219752756282687
374,16.315237583448237,0.25948000000000004,0.32154522463679314
375,-48.779747554648864,0.25749999999999995,0.33631705991544963
376,-106.1399775036367,0.25551999999999997,0.33706780049204826
377,-16.458823393454868,0.25354,0.3793061558119953
378,-194.81694665336278,0.25156,0.39162072839352907
379,-414.8111084703829,0.24958000000000002,0.4059185226552585
380,48.32494725450053,0.24760000000000004,0.37580551547663554
381,-74.2508867530392,0.24561999999999995,0.3791213449678923
382,-24.598152392325403,0.24363999999999997,0.3249002834483981
383,27.587975769266464,0.24165999999999999,0.3125253702321696
384,-233.83548780510574,0.23968000000000012,0.3040965368877576
385,55.5687159637247,0.23770000000000002,0.4034472888559103
386,25.50774120062672,0.23572000000000004,0.4981444103196263
387,-37.38277138525287,0.23374000000000006,0.4731743192449212
388,-7.34600783863992,0.23175999999999997,0.42519690420316614
389,-4.679738408785109,0.22977999999999998,0.45090442638099193
390,-20.315964006786572,0.2278,0.428566752103242
391,-21.991222711925964,0.22582000000000002,0.39538684154301884
392,-78.79021101497159,0.22384000000000004,0.35868529227375984
393,-19.653312914082743,0.22186000000000006,0.33749703370407225
394,-827.6004843402413,0.21987999999999996,0.3522850447591463
395,-17.06305094258786,0.21789999999999998,0.41693190889805554
396,-45.64706872559902,0.21592,0.39986304708179976
397,-10.908359024687982,0.21394000000000002,0.3967413863421773
398,-59.35756989728114,0.21196000000000004,0.4094170111194253
399,-42.152859949872514,0.20998000000000006,0.36781360928714274
400,-23.98419616250362,0.20799999999999996,0.334344679698348
401,-126.97448878297769,0.20601999999999998,0.3138963745832443
402,-62.535481912881956,0.20404,0.32756239363942485
403,117.07188722136881,0.20206000000000002,0.3048104299530387
404,-61.97553090664594,0.20008000000000004,0.30107203309237957
405,-63.60363593520243,0.19810000000000005,0.2955218786597252
406,6.8778649449063956,0.19611999999999996,0.2892400611005723
407,12.40472738795826,0.19413999999999998,0.3186757038347423
408,-26.296605547802102,0.19216,0.31515185376171206
409,-16.2302835463215,0.19018000000000002,0.2934304040595889
410,-37.063403262650695,0.18820000000000003,0.24219533251971007
411,33.35874315912102,0.18622000000000005,0.2514832744917532
412,-38.45304639857211,0.18423999999999996,0.24102837259748153
413,0.3677323140559281,0.18225999999999998,0.2507433092898943
414,-45.98744252785362,0.18028,0.2620221283929101
415,-13.657435248021104,0.1782999999999999,0.238059187091887
416,4.5285250267348784,0.17632000000000003,0.21520658671483398
417,-5.18601579532384,0.17434000000000005,0.23424702838285646
418,-24.346843924097882,0.17236000000000007,0.22092572165601845
419,-1.5806818673863603,0.17037999999999998,0.23069071769714355
420,-43.868058000639834,0.1684,0.2445977719016373
421,-194.81261499802883,0.16642,0.2328228597791248
422,4.026580378875565,0.16444000000000003,0.2106761144457665
423,-29.321688681036868,0.16246000000000005,0.22324810123443603
424,18.055410856035728,0.16048000000000007,0.2246725600324571
425,-94.8646888658028,0.15849999999999997,0.21498186279000045
426,-3.994451496003035,0.15652,0.2197907909601927
427,-43.54660165460531,0.15454,0.21299297565221786
428,-170.28462075182605,0.15256000000000003,0.24134495579067608
429,-27.19781544793277,0.15058000000000005,0.2416387547440827
430,-22.85387319660464,0.14860000000000007,0.23026018333807588
431,-38.50720649532366,0.14661999999999997,0.2219317225124687
432,-60.1351180106835,0.14464,0.20669049004465342
433,-39.62369352339614,0.14266,0.1978116047717631
434,-15.165383725852635,0.14068000000000003,0.1879162798903071
435,-43.19542627826556,0.13870000000000005,0.18377110218442977
436,-7.560185634972584,0.13672000000000006,0.17536256244678175
437,-30.759695682648957,0.13473999999999997,0.17979919995367527
438,-48.61107445990379,0.13276,0.16904359504953026
439,-14.820261072225144,0.13078,0.16470859349519015
440,-46.676720877351464,0.12879999999999991,0.1424720763117075
441,-319.8326149661287,0.12682000000000004,0.13373276162824352
442,-51.55787183628817,0.12484000000000006,0.1523557056739829
443,-251.3269188287557,0.12285999999999997,0.16419072454567435
444,57.617418456339294,0.12087999999999999,0.18211177548115282
445,10.617965775477302,0.1189,0.18896338991111233
446,76.89598442053854,0.11691999999999991,0.1764437130326405
447,-60.082206557764835,0.11494000000000004,0.17964566618576647
448,-176.3541287029617,0.11296000000000006,0.1819100761330211
449,-53.27781008544451,0.11097999999999997,0.2241283401294991
450,8.640970702264255,0.10899999999999999,0.19886967773464592
451,-249.6038230611763,0.10702,0.23904857929772552
452,-180.27047825013744,0.10503999999999991,0.23202113764032786
453,-23.43221949082423,0.10306000000000004,0.24102459105104207
454,-25.593407116632875,0.10108000000000006,0.21020135357157216
455,-51.10958350799699,0.09910000000000008,0.21925053828582167
456,-87.94662821489835,0.09711999999999998,0.21568342845886945
457,-59.59428217094162,0.09514,0.1974101197975938
458,237.8752871361412,0.09316000000000002,0.23703822149867332
459,-79.95663356673353,0.09118000000000004,0.25640223660320044
460,-182.4490463643795,0.08920000000000006,0.2448704253987935
461,-5.838087829232558,0.08722000000000008,0.262925451554358
462,-122.42164626038358,0.08523999999999998,0.24065842526592315
463,38.52505156450463,0.08326,0.21858153103291988
464,-33.235628152940876,0.08128000000000002,0.22382903043553234
465,-31.5944231716584,0.07929999999999993,0.20782505275309085
466,176.75552037500688,0.07732000000000006,0.1978275307282141
467,-61.67815893230873,0.07534000000000007,0.22727075725421308
468,-7.406111236244783,0.07335999999999998,0.22059174184058164
469,-17.275818845807834,0.07138,0.23395119085139834
470,-64.1583718664319,0.06940000000000002,0.22362903549894692
471,-18.673243050164853,0.06741999999999992,0.20666014452278614
472,-24.47347925335987,0.06544000000000005,0.180658030331926
473,-98.18549522651072,0.06346000000000007,0.1947786923777312
474,-105.44240130205577,0.06147999999999998,0.18978029534220694
475,-64.2641121230598,0.0595,0.18611636673659085
476,-78.38652574547963,0.057520000000000016,0.18062295095995068
477,223.07477654353642,0.05553999999999992,0.19014996816932936
478,-81.92363575212438,0.05356000000000005,0.21236570706044822
479,-71.24692839982141,0.05158000000000007,0.21525361151993275
480,-58.95217647608206,0.04959999999999998,0.20408700776472688
481,4.3160258774755995,0.047619999999999996,0.19346821419894694
482,-107.93895434447988,0.045640000000000014,0.17988394219055773
483,-146.72278493574402,0.04365999999999992,0.18239077213146385
484,-74.94891059599871,0.04168000000000005,0.1853742545284331
485,-162.7805163957396,0.03970000000000007,0.17738776711177592
486,-141.04473647151383,0.037719999999999976,0.19151644358225167
487,-27.510129523985828,0.035739999999999994,0.19159752140566708
488,240.169134153514,0.03376000000000001,0.19103490641689577
489,-52.98135402876794,0.03177999999999992,0.19006592662632465
490,-106.6530690170611,0.029799999999999938,0.17811050003953277
491,-5.5521870262788475,0.027820000000000067,0.17718625119142234
492,189.89042137162994,0.025840000000000085,0.16890385136337502
493,-4.094175565790167,0.023859999999999992,0.18547954937443137
494,-57.433887939501034,0.02188000000000001,0.1827617779467255
495,-26.0989284316762,0.01990000000000003,0.17601489029079675
496,102.15887005659039,0.017919999999999936,0.1722507595421469
497,-177.42017438838292,0.015940000000000065,0.17800523036591026
498,-14.426260025830384,0.013960000000000083,0.1967936586998403
499,-7.195103686452043,0.01197999999999999,0.19317932946509436
500,-123.04477419047043,0.010000000000000009,0.19666002752581754
501,-7.510448248252781,0.01,0.20042953595705332
502,-316.4594663612623,0.01,0.19358805938252618
503,249.5699096876734,0.01,0.21416845793925945
504,-99.49342405215116,0.01,0.21582855049334465
505,-52.93797075700143,0.01,0.21929584110714495
506,-24.151301067646344,0.01,0.1943440158907324
507,-162.50263284662253,0.01,0.18970652069913707
508,-24.57591880346674,0.01,0.20327339934185149
509,286.59407930671864,0.01,0.20411616404658384
510,-90.48480519722241,0.01,0.21507509875297545
511,7.312378436418669,0.01,0.2193457190778187
512,259.83812410223055,0.01,0.20771343944600534
513,-139.62092584012356,0.01,0.2337115294599937
514,-53.40244541933222,0.01,0.24026814806088806
515,-77.67620099908385,0.01,0.22855224641726204
516,-43.0672340204167,0.01,0.22975463274866342
517,31.24618148574376,0.01,0.2244599748148837
518,-180.37270902081917,0.01,0.23557760344253223
519,195.41627024373963,0.01,0.2449821172035888
520,-77.17707487283171,0.01,0.2356495109964162
521,-20.186325121349256,0.01,0.2472548262104392
522,-97.31665668291274,0.01,0.25125817440450193
523,29.521044584811506,0.01,0.22995166272709244
524,-27.567209485566217,0.01,0.2508762538768351
525,-53.65220657715084,0.01,0.2346613811776042
526,45.44741203377639,0.01,0.21924092535860837
527,-31.943885101267238,0.01,0.18462572252936663
528,0.3521744949864427,0.01,0.17686290439839164
529,-51.34911179598289,0.01,0.17396642885915936
530,-46.433253907626415,0.01,0.167614916684106
531,-249.14643416057157,0.01,0.17071715424954892
532,-22.226566869117253,0.01,0.14330367510579525
533,-161.31919571843147,0.01,0.11826683580660559
534,-6.543965210783883,0.01,0.12222854969277978
535,-144.31185698393512,0.01,0.12379034449997589
536,-192.65818089991666,0.01,0.12710478999840386
537,37.91720850008363,0.01,0.15181865952908993
538,29.746258178968418,0.01,0.15969190737309535
539,30.603408746299692,0.01,0.1678716882881595
540,-1.8030626429125363,0.01,0.17848282045962519
541,-107.64620768445901,0.01,0.17358153062590576
542,31.960500551004515,0.01,0.18931302561973914
543,-38.865926048548786,0.01,0.1871610327804689
544,-66.02380984111186,0.01,0.20440604164274317
545,242.01995600248776,0.01,0.21657135705604696
546,16.272433364466877,0.01,0.24030511348246364
547,-17.704761229047854,0.01,0.2344292318187654
548,-80.65314013207468,0.01,0.22290838703165872
549,-47.53336722996289,0.01,0.22649761702865362
550,-395.00091657044834,0.01,0.23262707534595392
551,21.916026665822926,0.01,0.28866487695316295
552,150.4535195205247,0.01,0.26017025419510903
553,14.604690290164356,0.01,0.24311976828451815
554,-51.640437214325495,0.01,0.2561415354721248
555,-49.912326620065535,0.01,0.23530809362232685
556,-29.577837594438183,0.01,0.22832491170987487
557,271.96241303918623,0.01,0.22547015594907954
558,-23.191164707503322,0.01,0.21811097407341004
559,232.29468296943486,0.01,0.22060891429913368
560,3.1667981392498206,0.01,0.2582233252111249
561,-73.21368759661925,0.01,0.21988145899772643
562,271.34957594477964,0.01,0.19329633085223719
563,-222.77615953024969,0.01,0.21099503617584706
564,268.35025885522225,0.01,0.23003591453918248
565,-39.54651817383067,0.01,0.23024373534321785
566,146.91106816315343,0.01,0.22294202717957357
567,8.929755791771436,0.01,0.22330649822391568
568,162.21862245451055,0.01,0.2150182358285895
569,-69.58914391364462,0.01,0.229859163235873
570,-40.11156720098985,0.01,0.2325841406136751
571,30.78317059979173,0.01,0.24292662095876388
572,-66.92714459041791,0.01,0.22872632246837019
573,154.71143556921908,0.01,0.2019600315320522
574,-46.71690032943509,0.01,0.18626745050027965
575,-49.90053286528144,0.01,0.1668873831005767
576,246.03189795311738,0.01,0.1326768035325812
577,10.962754322773634,0.01,0.13699960666242986
578,47.94277748341722,0.01,0.14170820332695672
579,-55.263138739747696,0.01,0.12227812664583325
580,6.950209037633423,0.01,0.115218355265446
581,-52.88694494251862,0.01,0.09371868281625212
582,-79.48655639643762,0.01,0.0873131892333428
583,222.1652002462095,0.01,0.1041033060404013
584,-43.87779454350759,0.01,0.11707806616928429
585,23.79710010702175,0.01,0.11647132989182546
586,17.892262565561424,0.01,0.13098161227794158
587,-21.332607052197943,0.01,0.1293379188980907
588,-27.907675446271654,0.01,0.11774148693779013
589,172.89370216304627,0.01,0.12324303691690514
590,-58.8089401864011,0.01,0.1248281424744956
591,-9.520950267367727,0.01,0.13616972090955823
592,201.9782234820851,0.01,0.13113885307948955
593,220.16504029951966,0.01,0.1465583050692523
594,218.00597247961147,0.01,0.16511459677461068
595,-16.891367693448828,0.01,0.15742320548896946
596,145.54821574137213,0.01,0.18257603265890476
597,242.29869844524865,0.01,0.2013400784077371
598,239.30381744649597,0.01,0.2098655795665286
599,220.65956337693095,0.01,0.23107689227593148
600,196.38645689548218,0.01,0.23544676211255286
601,197.45689592910756,0.01,0.25807853145170667
602,244.72139316073776,0.01,0.2710296431326703
603,228.13827676572842,0.01,0.280921962057725
604,284.2999022841697,0.01,0.31963137373630257
605,264.788511027915,0.01,0.32073523439466955
606,260.6920636097413,0.01,0.33392833206388683
607,257.22672282467653,0.01,0.34285493067423845
608,239.55898065943262,0.01,0.3556878507960981
609,-34.1062905585085,0.01,0.37090795128233733
610,-47.34942333316968,0.01,0.36589013342931864
611,195.89647880280214,0.01,0.35096568564375014
612,52.69486842585144,0.01,0.35864689335861105
613,2.0704775785131435,0.01,0.34174552498012783
614,-50.8805583431636,0.01,0.33406970982626083
615,58.696649357012575,0.01,0.3655963979743339
616,248.30141300130583,0.01,0.37833639942426184
617,13.004711086158661,0.01,0.3692646664567292
618,223.99912451194837,0.01,0.3150686002946513
619,-28.65342462730009,0.01,0.32234638449922204
620,185.7060124427271,0.01,0.2766165224269462
621,144.01082380002026,0.01,0.25703677108310197
622,290.9347277189826,0.01,0.2734660441714405
623,217.1797127522173,0.01,0.2540109126202467
624,215.50218077683468,0.01,0.2669320182911321
625,-35.684443215914065,0.01,0.2541276739407331
626,178.14468115041427,0.01,0.25564815825180776
627,-62.736134701407394,0.01,0.26016865277290346
628,275.50776333417684,0.01,0.23548111073224923
629,296.4132643759932,0.01,0.25898382390976477
630,265.00331678120233,0.01,0.265931588542812
631,-11.630910775319961,0.01,0.29365908770367155
632,-29.625215155164298,0.01,0.34390886310698854
633,179.12078857064108,0.01,0.30383314524385097
634,227.81213577897446,0.01,0.29280069487645355
635,-38.949337938852125,0.01,0.28554815092477304
636,12.123882878060584,0.01,0.3108777953371121
637,246.17394311277445,0.01,0.29373321926981105
638,-49.034997618986765,0.01,0.2917467090173052
639,254.67661516868807,0.01,0.30185903661083757
640,-69.26330056624788,0.01,0.3125078852894722
641,-2.367626692801867,0.01,0.30114408260956405
642,225.78752415957678,0.01,0.2746601906794946
643,96.5729330579463,0.01,0.2966013172753155
644,10.482039007661001,0.01,0.2714173926306622
645,224.60468434484685,0.01,0.2619875436241077
646,255.2602285313287,0.01,0.25024104066102243
647,188.2158955434607,0.01,0.2567950631085685
648,211.68105297501134,0.01,0.29402233440855363
649,-46.95607326992675,0.01,0.2927051241416484
650,273.8503683065559,0.01,0.26893926036198823
651,-6.425793467168842,0.01,0.3034055759757757
652,-15.62781444551765,0.01,0.2434859764035791
653,158.65945296522045,0.01,0.2141143201555573
654,-29.844444258099966,0.01,0.19208976411726325
655,-0.20824878183258022,0.01,0.17227425680567438
656,-55.281929163588536,0.01,0.18282842666096985
657,10.095112559242708,0.01,0.17843000624849592
658,92.72042788326954,0.01,0.18056765547633927
659,-661.4720990773513,0.01,0.20905294919083284
660,-78.45310997529343,0.01,0.2045648320876062
661,-627.0166844498859,0.01,0.1893770620710664
662,256.5795039967943,0.01,0.2207417664046471
663,46.3302040945633,0.01,0.22901855672906785
664,275.2034006474174,0.01,0.2351468134332787
665,-614.378357272202,0.01,0.20621860540799192
666,-561.8182293048749,0.01,0.247973303506641
667,200.16602177361838,0.01,0.247682034405549
668,-63.43382796405363,0.01,0.2420692768599838
669,203.72589748462985,0.01,0.22394862247644165
670,177.23138505222448,0.01,0.2636676874131926
671,283.0773060098952,0.01,0.25107165918090923
672,25.946882772931716,0.01,0.26305757366120813
673,-32.291453613258774,0.01,0.2637487531956285
674,295.2553966950002,0.01,0.25224519227824266
675,209.41862290568776,0.01,0.26280587587505577
676,201.26600661227695,0.01,0.28278100051080124
677,-40.341400425806754,0.01,0.311369633740362
678,-42.88671585959494,0.01,0.2870320410989225
679,293.5037968319174,0.01,0.28041551857046326
680,229.1747112308172,0.01,0.2999832691840319
681,-10.507755583535927,0.01,0.27265423102676867
682,283.83657141938136,0.01,0.2479771819472781
683,5.109100568035747,0.01,0.23206277949921786
684,-142.51909510201247,0.01,0.18252890701767815
685,242.57296077707582,0.01,0.1832980941517073
686,-13.5191232189173,0.01,0.19811171190492038
687,175.0461580648094,0.01,0.20901729034799016
688,-29.667320577025976,0.01,0.21105651926249266
689,-74.12232471980508,0.01,0.1927664959616959
690,230.66147697136788,0.01,0.19340163101287408
691,246.30245804168823,0.01,0.20197295195089196
692,-33.95239681177283,0.01,0.18578981631062924
693,-6.559886385269514,0.01,0.1631307198703289
694,-71.19192863763911,0.01,0.153847463760525
695,-56.98303984629177,0.01,0.14975168669007272
696,-73.46493932521338,0.01,0.13154407802317292
697,-61.0504970399498,0.01,0.13882497809110925
698,4.674495182758406,0.01,0.14619915632458477
699,-41.7171425851384,0.01,0.13036425632238388
700,274.5710010134846,0.01,0.12555445844427543
701,254.60676948232197,0.01,0.1500786588554654
702,18.182127452213713,0.01,0.13305715072061866
703,-120.38469457274667,0.01,0.13155217120220186
704,-31.968204801916553,0.01,0.15860202714940533
705,257.4180047332966,0.01,0.1421275912917086
706,287.61639439374164,0.01,0.1655009899328908
707,255.47250535838953,0.01,0.1741325383084596
708,289.2588010377918,0.01,0.17686963031988545
709,-38.925230494534986,0.01,0.1755039878990501
710,152.25675446066697,0.01,0.16217520436304703
711,-130.2451426821263,0.01,0.16020243409016127
712,-456.83900208519367,0.01,0.1581559050269425
713,-27.497751536781166,0.01,0.18289226106926798
714,266.09819755694036,0.01,0.18000709692886258
715,-35.324565172734,0.01,0.18384762557968498
716,-243.4472155519279,0.01,0.19666787683963777
717,4.601588209299539,0.01,0.2043462665323168
718,265.49633945418634,0.01,0.17944542183295675
719,280.65399179154485,0.01,0.2121797496104961
720,185.25375959050336,0.01,0.20572301453172132
721,203.7651951970745,0.01,0.22194228791986748
722,-67.70298670382914,0.01,0.21035052249984196
723,285.5499722703409,0.01,0.2151860128772461
724,155.2300990967477,0.01,0.23031723468097617
725,-43.21864925443936,0.01,0.22385783500783146
726,-68.01491356711107,0.01,0.19777899077162148
727,-37.32822367538071,0.01,0.1920497983628884
728,48.64560647405955,0.01,0.19690161398239434
729,269.0761393565603,0.01,0.17530997323085312
730,218.86437956620898,0.01,0.18727036214844692
731,138.84785294072884,0.01,0.18165185635811404
732,-7.8922679756324365,0.01,0.183231496443972
733,183.9011534776013,0.01,0.15797003562788162
734,-446.60493544404454,0.01,0.18257382803541772
735,257.5128540743524,0.01,0.1819445301604631
736,10.195510609194612,0.01,0.1948769447617233
737,223.788825924652,0.01,0.1652281370404507
738,-32.4321196304597,0.01,0.1597298850286752
739,257.3459661555212,0.01,0.1532173499852032
740,9.913863258524742,0.01,0.18218038662722924
741,-31.834112184636805,0.01,0.17965715712867678
742,254.19302274784587,0.01,0.17678058857481319
743,274.47258244668245,0.01,0.17871855861086886
744,28.484640330442886,0.01,0.19886805576232958
745,223.7429035731679,0.01,0.20929554692227428
746,3.6080887101753008,0.01,0.19439039818942547
747,189.92623744983212,0.01,0.19398545233645673
748,-17.22424733130991,0.01,0.18402802021615208
749,291.8176027846425,0.01,0.1675199803178878
750,226.81169181462474,0.01,0.18992555362606015
751,23.00826421913013,0.01,0.1922043277807534
752,152.715975030369,0.01,0.14062049121640743
753,263.44900128102154,0.01,0.1583793906507733
754,227.96700613737318,0.01,0.15876743775524174
755,20.099755073613096,0.01,0.1606115070981905
756,155.13907851464722,0.01,0.15103643010314083
757,175.95469407428078,0.01,0.14737175100810856
758,14.701801026054568,0.01,0.16081399422883988
759,208.67069937770378,0.01,0.16218236133900618
760,8.963181041512687,0.01,0.15012772151455284
761,205.99740088101635,0.01,0.14958561945820792
762,32.094030745947634,0.01,0.14300902316668876
763,203.7968662969112,0.01,0.16114982826726848
764,39.35989368599431,0.01,0.1722540774382651
765,266.8727950017909,0.01,0.16755428957414759
766,233.90212758678172,0.01,0.17658071951301
767,216.87808312933674,0.01,0.17439679665690402
768,226.96819711285448,0.01,0.16764372445002038
769,243.6849673150642,0.01,0.1882166176871524
770,224.14992616941464,0.01,0.18164318815757663
771,263.5113824935929,0.01,0.20287549438384864
772,231.8549680868013,0.01,0.2122671738266945
773,217.3650484055773,0.01,0.2145654779051582
774,227.00695288099053,0.01,0.2258084762540317
775,147.98799260326177,0.01,0.21090022227633745
776,250.1529142207308,0.01,0.19677799479903413
777,256.9003895388105,0.01,0.2197579562176611
778,229.57011356870302,0.01,0.2248656940370143
779,201.4096224360432,0.01,0.23127965122548388
780,237.80318696487475,0.01,0.2426097294029521
781,247.79537519428487,0.01,0.2283718606913425
782,233.7423537936333,0.01,0.2390501381032778
783,217.3029001000445,0.01,0.24111483555789742
784,9.58945815313245,0.01,0.24539158236980438
785,262.10216778251976,0.01,0.2289091187112993
786,214.4652681085721,0.01,0.2260421633014772
787,43.70765863447221,0.01,0.2306269140605875
788,-31.526349329731225,0.01,0.22749567348230632
789,216.4751930344321,0.01,0.20787755207014763
790,192.843380788165,0.01,0.1930213644488853
791,245.70351900224188,0.01,0.18730122133655755
792,174.1214532365946,0.01,0.17984503322309747
793,76.80780272698738,0.01,0.1670483662548693
794,254.89701976178358,0.01,0.19336671879300507
795,-204.23993368407244,0.01,0.20252480679493157
796,278.57018836970286,0.01,0.1978298507406023
797,218.62927425212314,0.01,0.20206701241733643
798,219.32964675277674,0.01,0.19506586088063965
799,27.499551082139504,0.01,0.20748717791977384
800,271.1068912181979,0.01,0.20434167773907516
801,262.472074996811,0.01,0.19524670958601156
802,240.97629530812398,0.01,0.19971530291626288
803,262.7259036349629,0.01,0.2074799784828746
804,272.84325362415893,0.01,0.19886572915249173
805,299.75931993014956,0.01,0.20338824754921803
806,247.38223362708806,0.01,0.20053817344703065
807,219.1149455554414,0.01,0.2096272218835791
808,255.62709282242767,0.01,0.20961856131592915
809,247.1871793630899,0.01,0.2184661558739425
810,250.01954527453208,0.01,0.20331231056518803
811,250.57653410301617,0.01,0.21946851367263634
812,203.49354431029505,0.01,0.23074046790609326
813,242.97275476832786,0.01,0.2329212590238921
814,236.69033746717236,0.01,0.22352512545270836
815,109.44635485409779,0.01,0.2463755017546937
816,212.0222986101552,0.01,0.22860839662558222
817,260.31484766860154,0.01,0.23442635703051162
818,286.7491669713477,0.01,0.24266288636608674
819,33.321161697539225,0.01,0.23449388196866208
820,298.27411359326265,0.01,0.23465554162182592
821,252.54016734681343,0.01,0.22898624047157493
822,41.752534787800045,0.01,0.24852657076298146
823,267.4543027877088,0.01,0.23351763445183193
824,212.0321172555171,0.01,0.23556077489720822
825,223.36895184831275,0.01,0.2220678084250853
826,255.19041483338447,0.01,0.2152377105853025
827,248.06300034606744,0.01,0.2110771623038981
828,175.71633866810424,0.01,0.20959514275917368
829,274.34456848979573,0.01,0.2180318294666739
830,279.5007372793566,0.01,0.20658154776609894
831,256.30915493088185,0.01,0.20692631541011489
832,247.16971715364733,0.01,0.21578104918201765
833,27.777465973851946,0.01,0.22131190791617344
834,-99.90845701571392,0.01,0.21036572546244092
835,3.634334339375343,0.01,0.23192341052319693
836,262.9521306582264,0.01,0.21175046740409684
837,280.4657550527307,0.01,0.20232067302226017
838,273.00430868389867,0.01,0.20635569368694293
839,242.25646821307691,0.01,0.21685742455370285
840,264.2966001752052,0.01,0.2096634169312236
841,4.062260904793874,0.01,0.22913664544367382
842,242.20717861029692,0.01,0.23105014923807474
843,232.67339897450765,0.01,0.21647131282450824
844,-57.43983872911732,0.01,0.22590634700469672
845,241.77719893312957,0.01,0.20480103792803162
846,29.088847341670743,0.01,0.20828455473399823
847,272.0865221993944,0.01,0.21058165597587003
848,257.76381769268414,0.01,0.22036799215945171
849,241.9484461758769,0.01,0.2344382736863563
850,-234.70873212520416,0.01,0.22697126088891853
851,301.9645682017965,0.01,0.24985003945687428
852,-76.39950984802563,0.01,0.24030497003177548
853,263.6594733411715,0.01,0.24452474130023466
854,242.282902821379,0.01,0.23719690701303384
855,11.828463828671213,0.01,0.2462566884048283
856,243.01009438838273,0.01,0.23062233768654428
857,265.1516765749847,0.01,0.23611242459112897
858,283.4796466134635,0.01,0.23034909020902383
859,278.5539368804424,0.01,0.2339213733272306
860,55.593207287166564,0.01,0.26704947888851166
861,241.03411610024395,0.01,0.2529529696912505
862,273.0375980731783,0.01,0.2704051712026753
863,178.48958687348133,0.01,0.24459988082759082
864,215.9360792532433,0.01,0.2377851346471146
865,229.7562128821808,0.01,0.231039026399113
866,13.101694476764422,0.01,0.2362932159054664
867,250.87754816444368,0.01,0.22970690217501424
868,269.19009590018175,0.01,0.21505909094290754
869,-74.26255049596162,0.01,0.2263730972677042
870,243.22205719962932,0.01,0.2226011134235556
871,278.6307465564939,0.01,0.2274622561336632
872,25.800451418903506,0.01,0.21501166253481935
873,234.86556104484205,0.01,0.21887413879838025
874,229.8312287862715,0.01,0.24055641028749686
875,266.530389745629,0.01,0.23375891901037477
876,17.55204785654452,0.01,0.23816388353020296
877,239.42868452781642,0.01,0.21128437315403928
878,226.69034943866632,0.01,0.2262217927952103
879,258.81132529814886,0.01,0.20285662619772094
880,19.518390357754313,0.01,0.19972701476548205
881,253.33543417338822,0.01,0.2192157031007679
882,257.5924967355544,0.01,0.2271986026544033
883,234.31744558510695,0.01,0.22486221969056866
884,-59.201087704378125,0.01,0.2141738240986286
885,254.33164075385588,0.01,0.2263220575366294
886,-256.16062974169876,0.01,0.21892298774691785
887,244.55021192623877,0.01,0.2305763687244525
888,84.96930805827841,0.01,0.22231107396446168
889,237.1092782281242,0.01,0.2137683026958257
890,58.75352163025207,0.01,0.2319741908549553
891,154.432619487323,0.01,0.2168061922863126
892,22.287524494103835,0.01,0.20406475974356428
893,170.43373895088337,0.01,0.19781508518010377
894,214.1736554137077,0.01,0.19189005280373653
895,256.0407062604956,0.01,0.1811492799395888
896,168.79662500596285,0.01,0.17430261217430235
897,166.9249963879992,0.01,0.1522959118410945
898,-385.6021150119563,0.01,0.15122305773518452
899,285.9196895854438,0.01,0.16470501667463966
900,-34.785196459238705,0.01,0.1611764853575615
901,83.41559339483781,0.01,0.16253837808407842
902,245.6170397812188,0.01,0.1391161661741771
903,260.6201034772628,0.01,0.13640150268427767
904,226.46011631142414,0.01,0.1367533303273376
905,3.272144046986611,0.01,0.1444422901560464
906,40.25397277412486,0.01,0.15665067789309164
907,274.4622097718254,0.01,0.14169402938933676
908,270.5225019303592,0.01,0.14761996567019342
909,270.24145772410253,0.01,0.15078511649961246
910,34.37165725903017,0.01,0.15494325234053227
911,26.480035330946635,0.01,0.16770654692919107
912,237.79859904961003,0.01,0.17048742703677758
913,277.7168780366567,0.01,0.17499186109838097
914,43.013397611546026,0.01,0.1899287812411785
915,263.73361853565314,0.01,0.19360542898673727
916,255.44131353112422,0.01,0.19690186173850022
917,-148.54588501558837,0.01,0.1905782430818895
918,53.41516244585998,0.01,0.19944389385481676
919,34.995887308849206,0.01,0.21973782606226833
920,243.34692213534436,0.01,0.19886384195624254
921,10.912937971646386,0.01,0.21366691647411942
922,26.859896349696854,0.01,0.2051901932779356
923,134.04322112621648,0.01,0.20790588741376997
924,-23.207126454581527,0.01,0.2106621427363471
925,272.9401811330988,0.01,0.2039736293286818
926,-21.744953822734843,0.01,0.21117735161231113
927,276.14806280397784,0.01,0.21740961955933302
928,263.9136449703266,0.01,0.22687874169023048
929,279.1209612695935,0.01,0.207925791609023
930,270.2013670111122,0.01,0.2463152303123439
931,41.92560843606245,0.01,0.2514791400653535
932,288.8698830966738,0.01,0.24743665093604808
933,250.02184509385515,0.01,0.24040449209007106
934,253.0396079129661,0.01,0.253824022958676
935,246.53710879878096,0.01,0.2579326634748583
936,-23.047489243152157,0.01,0.2529619640694597
937,18.76193903320059,0.01,0.2797325120053508
938,253.80663374944052,0.01,0.26595665803652696
939,64.7080530553504,0.01,0.2697682230443251
940,287.94584372237347,0.01,0.28166129978364735
941,250.4549731669243,0.01,0.25678541318277004
942,-106.73371238331877,0.01,0.2625490445775766
943,277.7117455274532,0.01,0.281448017180766
944,249.81852010746584,0.01,0.27848675917420124
945,266.5318941400542,0.01,0.27756835833488414
946,4.523783952882326,0.01,0.28214088185793823
947,261.6115609310023,0.01,0.2899109015541692
948,26.81994450862075,0.01,0.3056428765923512
949,73.32881559144604,0.01,0.29861272657566734
950,276.50175780130667,0.01,0.30521672685444357
951,253.84144097113355,0.01,0.32184897160761433
952,32.71497351190368,0.01,0.30306319216240757
953,-18.34386029904985,0.01,0.32357973985604405
954,-29.608099633919068,0.01,0.29676958988026036
955,266.4153822847528,0.01,0.2981156838277429
956,147.11124768037405,0.01,0.28954969182237983
957,12.320378659317527,0.01,0.26027268068317105
958,60.427004355231674,0.01,0.24842210419206734
959,279.8391637764397,0.01,0.24133991885706374
960,253.94997591904905,0.01,0.2548213927638392
961,-5.02245849284337,0.01,0.276552743632202
962,252.25755747368336,0.01,0.25716339133075283
963,252.7118165409003,0.01,0.265791803467692
964,4.951376812941376,0.01,0.25737750034817714
965,283.7927348293821,0.01,0.25719649995918625
966,261.7652355374249,0.01,0.25363744346096234
967,271.367256898069,0.01,0.2638716907273712
968,250.56200729185815,0.01,0.267355863518756
969,248.14176498339828,0.01,0.26622415723878956
970,307.8432043771904,0.01,0.2829225215574969
971,-30.02979453732938,0.01,0.29309992129560064
972,-33.18388189760606,0.01,0.2803178351015261
973,235.10324024625254,0.01,0.2922302398465428
974,21.331848383811078,0.01,0.273192929797364
975,-34.793984404823846,0.01,0.28001549941737475
976,271.6190597227651,0.01,0.2937955115624565
977,-8.036809027448385,0.01,0.3111191025202714
978,257.12802758672865,0.01,0.27076556984807404
979,255.548738212224,0.01,0.2738099066173459
980,267.95013034064914,0.01,0.27476125702988813
981,283.62679559126724,0.01,0.2888423854237413
982,296.64430204393557,0.01,0.28395345804687494
983,277.85199188722174,0.01,0.262253796377926
984,48.17276917189787,0.01,0.27338525224221893
985,265.8854698973578,0.01,0.271166672417894
986,30.935204441915005,0.01,0.31544477953496625
987,-33.79412454181886,0.01,0.2917191550840397
988,247.23905735865893,0.01,0.2888241184186445
989,313.1144361949789,0.01,0.28875449751077764
990,277.3185396035091,0.01,0.29203213675386586
991,248.54877154424793,0.01,0.3025156330744115
992,48.05350711958812,0.01,0.26910086861428095
993,249.40072724382597,0.01,0.3055536884069443
994,-59.65680246159661,0.01,0.3073132482870501
995,11.728686598305117,0.01,0.27679237656295297
996,251.351729652819,0.01,0.30179446505042173
997,11.857802475525006,0.01,0.25053346776403485
998,-24.83196555099083,0.01,0.2806570645636664
999,36.27861467645258,0.01,0.2733278345527514
1000,282.5919077767197,0.01,0.29182708264742085
1001,-54.53210126460805,0.01,0.322200094190676
1002,-31.809809945992498,0.01,0.2779239749821721
1003,-88.97266913141173,0.01,0.27948057131263715
1004,31.165336973702495,0.01,0.29909409492093825
1005,-63.09661301011026,0.01,0.28707848807297104
1006,-57.796587732876915,0.01,0.2875473437586216
1007,-103.46439856717849,0.01,0.2929861875937173
1008,2.9863482747556986,0.01,0.3049768491457867
1009,-20.11798338628698,0.01,0.3034549472258263
1010,271.3125171527455,0.01,0.3023032650388592
1011,267.82614285227294,0.01,0.2994990255151476
1012,-20.05219145088975,0.01,0.3270428756044971
1013,288.98883537642854,0.01,0.3065338126974168
1014,54.55351108860404,0.01,0.3180777333878182
1015,11.521278436215255,0.01,0.32584513142541216
1016,-9.04174795007448,0.01,0.2775941794657189
1017,122.9704316560011,0.01,0.2985516688879579
1018,-84.01306583339614,0.01,0.28548231304196986
1019,285.86191393078127,0.01,0.2831404267913765
1020,-9.122601574726787,0.01,0.295479403241821
1021,-138.3927470048883,0.01,0.3003368989931063
1022,262.7592545756876,0.01,0.28977025210245944
1023,18.289367954558344,0.01,0.2771245846682686
1024,285.62869387191785,0.01,0.2795274586428982
1025,-32.103274596326955,0.01,0.2690737168178768
1026,307.92865765427337,0.01,0.2797248462614204
1027,-95.95229554762308,0.01,0.25350860598218905
1028,8.186434221300487,0.01,0.2896745730962219
1029,45.11790426563874,0.01,0.29785057842465384
1030,13.310942268141474,0.01,0.29221286884184633
1031,280.36191699978974,0.01,0.32710337545722723
1032,-57.10439002293203,0.01,0.29769145370357564
1033,36.53835336487978,0.01,0.3074582723657722
1034,18.367069388200264,0.01,0.3227497680469396
1035,248.07700571287754,0.01,0.2940520639246216
1036,-52.605176121117715,0.01,0.2742979064885829
1037,22.152828212753633,0.01,0.322734899969414
1038,267.2730238299879,0.01,0.3111991875821894
1039,244.7522220986166,0.01,0.31910249720449035
1040,216.9046482344785,0.01,0.30513568651319173
1041,-33.13243967530768,0.01,0.3422589586089457
1042,256.8702114159296,0.01,0.3034806080744111
1043,266.1072852605001,0.01,0.29933872559637414
1044,-16.36454088334169,0.01,0.30416905422779644
1045,-1.921474284285793,0.01,0.31358787887594075
1046,276.61154392855576,0.01,0.28998673794233254
1047,8.87377368214139,0.01,0.28329454146717725
1048,11.640029005980537,0.01,0.3116577359856946
1049,265.6198169980071,0.01,0.29065483900579225
1050,-287.52442418335374,0.01,0.3091198791794124
1051,4.961969620570017,0.01,0.3292224869165603
1052,-61.66616573445015,0.01,0.3169360412284732
1053,282.8734447548168,0.01,0.3050503441865774
1054,-52.046153327410266,0.01,0.3006398237886883
1055,-32.5285762219211,0.01,0.33672135563074856
1056,22.03198870397091,0.01,0.3126997909060231
1057,277.80127592509405,0.01,0.3162481017038226
1058,161.85558277932418,0.01,0.2915595054272562
1059,284.41003791420883,0.01,0.2694874068491914
1060,-6.644414153588826,0.01,0.2688680649342307
1061,44.54252671449541,0.01,0.28073392582516515
1062,20.96903364606507,0.01,0.31587344242016907
1063,13.326662365433748,0.01,0.31064609279657934
1064,-16.48201762272967,0.01,0.2641789183865503
1065,22.9638563619001,0.01,0.3201380491584212
1066,-56.68312400838043,0.01,0.27550951277508456
1067,3.9557542549856777,0.01,0.30443384943323004
1068,204.49705710687277,0.01,0.2874762238307637
1069,7.476272269309746,0.01,0.2855406612730943
1070,-20.180062432216985,0.01,0.2862137289189581
1071,48.58912253765561,0.01,0.2920753441820962
1072,32.24440484949241,0.01,0.31575497056115165
1073,-26.341270866861905,0.01,0.29198343311061803
1074,180.0530260973956,0.01,0.29166980142509213
1075,-3.7563994846195357,0.01,0.30464419978390256
1076,-15.71898776812283,0.01,0.30812119758955325
1077,272.4063782450141,0.01,0.30503301632718954
1078,298.30055527679394,0.01,0.3146941819553368
1079,54.69826321251159,0.01,0.32412325501042816
1080,-0.4440083630974101,0.01,0.27604303132282215
1081,5.778304401529667,0.01,0.335472786763929
1082,276.19234689026047,0.01,0.30556123143318914
1083,14.760877555150927,0.01,0.3107055723667145
1084,-49.39780938092446,0.01,0.3155235139892833
1085,23.01229457333328,0.01,0.33668671691646945
1086,-20.566043984478057,0.01,0.3324123994261026
1087,-9.040532008193594,0.01,0.3070553439285825
1088,237.5675711276644,0.01,0.3338541705161333
1089,34.387603368230856,0.01,0.3102187422605661
1090,17.721838161680125,0.01,0.3064587902033997
1091,-1.1087183245114858,0.01,0.3587204386335863
1092,254.73983223720873,0.01,0.33485650213647494
1093,-270.09759598642484,0.01,0.3113041668969057
1094,258.796545000813,0.01,0.3155192442981204
1095,300.0489322267751,0.01,0.3021391869605707
1096,40.76884541132259,0.01,0.2768946759586717
1097,7.263822545493937,0.01,0.2867909688088629
1098,-2.0366353185150103,0.01,0.27499356249643264
1099,-13.069549645759324,0.01,0.2929869168529324
1100,31.5741778005208,0.01,0.3086095026202416
1101,-21.87096404719921,0.01,0.337843294074009
1102,-38.20497195759266,0.01,0.2721425828433806
1103,-266.7886500541435,0.01,0.3233313535821849
1104,3.466736540356308,0.01,0.3187987103086451
1105,43.36970338231504,0.01,0.30931312712126
1106,2.380848885557981,0.01,0.3268351832064249
1107,-560.6423093235856,0.01,0.3043543610435266
1108,-59.83351285176163,0.01,0.3404753934389547
1109,-0.7363536221497071,0.01,0.3318164152323559
1110,211.43935645617594,0.01,0.31352303617792887
1111,-84.20595973426224,0.01,0.3521037411785895
1112,-0.7000470492330066,0.01,0.32180619464962035
1113,44.636047676198245,0.01,0.31958802811363163
1114,-427.59315761428604,0.01,0.3204579811219288
1115,-366.18021716002914,0.01,0.2813581109504428
1116,47.36336962190123,0.01,0.30655676439138396
1117,59.16719345813692,0.01,0.28089786922537735
1118,149.08613794559196,0.01,0.31296729600988327
1119,-238.98603869425153,0.01,0.2944405765940337
1120,55.64765075261434,0.01,0.28237109045380526
1121,-248.23811533652133,0.01,0.30450259658753576
1122,7.22372105391824,0.01,0.29016797477849804
1123,164.87459120988504,0.01,0.2698080357722938
1124,215.23326322973736,0.01,0.25228355589238083
1125,54.05358219158552,0.01,0.2566691566916073
1126,271.7399784157768,0.01,0.247114399901113
1127,36.33586622694688,0.01,0.2087255431494365
1128,254.40537720375815,0.01,0.26113333096917796
1129,70.71784043329285,0.01,0.21731146849691868
1130,-22.8571798747503,0.01,0.21772370719247394
1131,6.517905302071654,0.01,0.23900664543233266
1132,54.64499555864148,0.01,0.2182126883588253
1133,25.08769053365765,0.01,0.20749158062266582
1134,195.84078399083342,0.01,0.20741459498416817
1135,242.39688679785812,0.01,0.2073741231907778
1136,-415.3221488316714,0.01,0.19540051450075088
1137,221.6581432456294,0.01,0.2093781661343203
1138,243.40715029920335,0.01,0.21285925498232244
1139,257.9569423993854,0.01,0.19345272009911602
1140,-294.3429973211719,0.01,0.19368932410989972
1141,-28.461991309035184,0.01,0.2085630941722128
1142,-23.7341715090746,0.01,0.18743518559682754
1143,-66.30015242609393,0.01,0.1822215459154298
1144,39.41663991900364,0.01,0.18723727660253645
1145,26.878422291927336,0.01,0.2132407454368861
1146,49.31406716410487,0.01,0.2087190996389836
1147,-13.003879009772717,0.01,0.20245635902432546
1148,14.247426220558339,0.01,0.1911269623884245
1149,264.83010746369916,0.01,0.20191069452031965
1150,292.4426256479089,0.01,0.1899247697704742
1151,291.75198728657085,0.01,0.18848210914681354
1152,259.87474568263144,0.01,0.17335888093727972
1153,-200.51276281437583,0.01,0.17821318258277394
1154,-388.1223782620328,0.01,0.19947043551804278
1155,246.9367602314972,0.01,0.1957378222620772
1156,-135.91777851545726,0.01,0.19204876870135407
1157,259.06733311158183,0.01,0.20489306726231776
1158,-492.1760638361573,0.01,0.20025416659856482
1159,-156.36903947940934,0.01,0.18693086091319427
1160,272.78327440158654,0.01,0.1960687758633867
1161,251.06556511406615,0.01,0.2304071407372029
1162,273.5386265911062,0.01,0.22570242129837387
1163,261.16348034729594,0.01,0.20410680206930307
1164,304.419745590552,0.01,0.2239160077359814
1165,2.972607052232746,0.01,0.2225230977870524
1166,218.40080766835524,0.01,0.2110900276384893
1167,222.89925950746598,0.01,0.2238543874759605
1168,-466.9358043682798,0.01,0.21462348938387418
1169,26.182014024304607,0.01,0.2099757417596466
1170,282.19584492637784,0.01,0.2418492891444456
1171,56.06094427362146,0.01,0.25788179938809586
1172,-8.962292962181166,0.01,0.23862446375334492
1173,262.32579377465265,0.01,0.2492186159537784
1174,16.881578181880343,0.01,0.24792624038926672
1175,252.19657001551974,0.01,0.2359182356324579
1176,50.12216851947497,0.01,0.22827786761336027
1177,34.90683921384294,0.01,0.24077725779664302
1178,209.62460919268915,0.01,0.24296969317164518
1179,48.52367561281969,0.01,0.22431936427101232
1180,288.19518099711195,0.01,0.23192443268462307
1181,270.37507260774134,0.01,0.25073591216390295
1182,284.3865370214545,0.01,0.23553831525627644
1183,12.684629744934355,0.01,0.26003460467247097
1184,298.9820999513413,0.01,0.23363645703986632
1185,267.7907370675465,0.01,0.23663651166134514
1186,269.3207021673187,0.01,0.23099162546409802
1187,311.600294190353,0.01,0.2349701387729574
1188,243.66976754349832,0.01,0.23546178626434114
1189,309.96414727652336,0.01,0.22921443150781007
1190,46.48971416469129,0.01,0.24892409667372703
1191,267.6640670277802,0.01,0.24219009326290838
1192,184.4414407083507,0.01,0.24445874019722014
1193,202.36606838061823,0.01,0.23668897443477777
1194,256.6994704033434,0.01,0.22501436982083797
1195,212.0552667809222,0.01,0.22950674620208758
1196,257.6346848574789,0.01,0.22614382294581292
1197,269.1044149203369,0.01,0.19178969954902475
1198,-301.9240436672322,0.01,0.22603775051327935
1199,294.68326622327106,0.01,0.2355604737727757
1200,37.14255333135557,0.01,0.235333149909581
1201,10.08978436496551,0.01,0.2519775275355098
1202,22.13207478610279,0.01,0.24197804063558578
1203,-67.8950911583516,0.01,0.23304789219796657
1204,233.51786463166746,0.01,0.22661723035077255
1205,3.1779799056386935,0.01,0.24703042428845015
1206,232.39660170098242,0.01,0.22327975184589693
1207,273.3213037933554,0.01,0.21148910483016686
1208,229.94726932778912,0.01,0.21175593064738282
1209,-59.13622878529524,0.01,0.19910478210262955
1210,261.2681307095968,0.01,0.1863873591244805
1211,-112.92153091471205,0.01,0.19033030640147627
1212,271.4864777547866,0.01,0.18516494819521903
1213,-111.36449158963856,0.01,0.17450503262957917
1214,276.0711254170054,0.01,0.17389826013706625
1215,-326.9082264045883,0.01,0.15946867541476553
1216,37.23051862430481,0.01,0.1968537528731235
1217,231.26248503703795,0.01,0.17409842043965557
1218,222.25247686341487,0.01,0.1814280472087935
1219,285.1950652407324,0.01,0.16417674428496523
1220,298.84491078595477,0.01,0.159773866508261
1221,269.7692769908739,0.01,0.14361784005323278
1222,257.5366211734903,0.01,0.15070231572684387
1223,212.58558138076478,0.01,0.14414269307264171
1224,-190.53991696899453,0.01,0.1325250586874808
1225,232.20705312913174,0.01,0.11654361813857372
1226,21.369377456820303,0.01,0.11090787764834731
1227,228.35734305487202,0.01,0.12494271322165007
1228,27.6854876272737,0.01,0.11165203340351582
1229,234.88336169991396,0.01,0.12165172011527704
1230,12.110732122119472,0.01,0.13660169035657166
1231,25.334365428137417,0.01,0.13386218153378543
1232,-87.00826124703303,0.01,0.1259485377733587
1233,223.83397410374744,0.01,0.12494385692553789
1234,273.74126582648694,0.01,0.12079040571814857
1235,-102.46507489181927,0.01,0.1244388629046112
1236,49.55796709100616,0.01,0.1259595868243298
1237,115.21043680665191,0.01,0.12537606054358183
1238,9.067685726500159,0.01,0.12147504561358974
1239,147.20042385624748,0.01,0.1295669129821256
1240,213.6272248603069,0.01,0.12941936525441936
1241,8.070793912555857,0.01,0.13354062326695948
1242,7.049135502442994,0.01,0.14017260190018493
1243,254.9088010464172,0.01,0.1297927077618807
1244,178.85156371852236,0.01,0.12306889703843124
1245,27.07300426779507,0.01,0.12465361433176252
1246,22.16206031703851,0.01,0.11090651339588639
1247,3.737521995161174,0.01,0.11611038138685019
1248,-16.63242430976065,0.01,0.12103933191532269
1249,14.968243339882136,0.01,0.10981754439554232
1250,10.088541657788682,0.01,0.12581351643096503
1251,-6.243574643556769,0.01,0.1180449370094525
1252,29.25819334056206,0.01,0.12572566967989718
1253,-121.19005057753367,0.01,0.12626493420544477
1254,272.85672660659634,0.01,0.11920313038098723
1255,213.31087070144918,0.01,0.11461267205140063
1256,15.413848288653242,0.01,0.10885512728092013
1257,259.70995094519907,0.01,0.11057762358616167
1258,229.398489109694,0.01,0.11919503542119447
1259,-70.48590427377795,0.01,0.12090404173721273
1260,65.14018010575225,0.01,0.11931589067424253
1261,-91.78407927260434,0.01,0.12929773824588117
1262,70.47197392762449,0.01,0.11819952221866697
1263,3.2249148493300908,0.01,0.13101604171097278
1264,200.28983418945688,0.01,0.11604889291595286
1265,242.55588245949815,0.01,0.11347568222715973
1266,-31.64220887254514,0.01,0.11410048763666834
1267,216.2194163955255,0.01,0.10532879598274086
1268,263.54883727367394,0.01,0.10851639982057104
1269,-3.9582325872783173,0.01,0.11751552236576875
1270,-255.45070103110197,0.01,0.10360806753020246
1271,228.51617166015157,0.01,0.11839172263246249
1272,-16.50907691225717,0.01,0.10234263099246581
1273,258.164233020241,0.01,0.10653348848563067
1274,37.84702614078151,0.01,0.09399716224611944
1275,0.7080086242571042,0.01,0.10489922050907406
1276,243.17891116753225,0.01,0.11461356270650577
1277,20.52429636318996,0.01,0.10842703633496295
1278,7.019020529516553,0.01,0.11336598101143654
1279,4.878261065141828,0.01,0.11074201712678922
1280,222.46091936352514,0.01,0.11636156813918258
1281,264.85463750990357,0.01,0.1171182101506188
1282,286.2575413873741,0.01,0.11938966230489313
1283,260.13946215646547,0.01,0.12323705669010605
1284,12.219843438508718,0.01,0.12812271527945995
1285,11.30216282850894,0.01,0.12429363283158189
1286,302.5116097511881,0.01,0.12299923858041932
1287,-151.09504231583463,0.01,0.12047171515052833
1288,-181.07981020316504,0.01,0.12838301143961625
1289,242.6937945862164,0.01,0.12000131068486551
1290,-27.09742671507449,0.01,0.10762487592455
1291,0.7701244893207928,0.01,0.11891678059273349
1292,-236.79950990535633,0.01,0.11098695794931768
1293,40.217753308539955,0.01,0.1173368662505621
1294,52.122812432566775,0.01,0.10846507370782395
1295,255.6596829786373,0.01,0.11947793270513224
1296,245.92368285980848,0.01,0.11842864729113196
1297,-423.05196115299157,0.01,0.1172151742503047
1298,248.11950648790778,0.01,0.12411453180182022
1299,20.194318034473,0.01,0.11953816557923953
1300,-2.4700506787348786,0.01,0.12567840324824348
1301,202.44864235095991,0.01,0.1304200267804235
1302,-20.72201520013526,0.01,0.14198569118017607
1303,0.6230749851589792,0.01,0.12359908422222361
1304,265.7580781130042,0.01,0.1323475858957821
1305,22.41902858261119,0.01,0.1362435094753865
1306,-314.2941267455661,0.01,0.14954026132248915
1307,-158.25927119922966,0.01,0.14414886745524783
1308,280.5072234552259,0.01,0.13209753601660076
1309,264.32055521535716,0.01,0.14410299720363942
1310,16.851980897061154,0.01,0.12776347796122234
1311,40.272962410177314,0.01,0.15432054338895757
1312,256.5270416442489,0.01,0.13605634231787153
1313,278.4887459032942,0.01,0.13813904389333462
1314,-138.30969387657348,0.01,0.12872867551491116
1315,-23.299307421893715,0.01,0.13640877005634128
1316,183.687371619214,0.01,0.14532788827829643
1317,271.83744569166015,0.01,0.1410110714483012
1318,50.86739491527254,0.01,0.1406306204446357
1319,164.02658621692032,0.01,0.14052355532534422
1320,263.74483062879233,0.01,0.12727578772129874
1321,232.17493593774742,0.01,0.13659927389304433
1322,22.841318496063607,0.01,0.12863694218009017
1323,251.0683529257615,0.01,0.12420361871825213
1324,13.321785724021836,0.01,0.10820204016574203
1325,32.61637691292225,0.01,0.12475247441657952
1326,-138.21884451641859,0.01,0.12663529349018388
1327,-182.26663882059563,0.01,0.1304412951244961
1328,272.1044621388223,0.01,0.12362858411026087
1329,24.24056441277645,0.01,0.13864731053323592
1330,-256.89164501891,0.01,0.12671697474774216
1331,30.631828237595528,0.01,0.15131787605472466
1332,279.6761437783133,0.01,0.14258084881773092
1333,34.157187430191215,0.01,0.13269437849521637
1334,17.801690934934882,0.01,0.13273109935482244
1335,33.278541178491366,0.01,0.13102726609829593
1336,286.6920077544336,0.01,0.13981553627444165
1337,12.13212970610482,0.01,0.14909611103703846
1338,32.248510259345665,0.01,0.15838713180085626
1339,15.95393312257383,0.01,0.1480506642918111
1340,269.8990151981387,0.01,0.14888652756192428
1341,155.34475421898512,0.01,0.14443420362938195
1342,249.9946521103808,0.01,0.1276863157569853
1343,162.79629512591697,0.01,0.12410646461695432
1344,-5.915512099514615,0.01,0.11481591117464834
1345,147.39377364610888,0.01,0.11354106557136402
1346,295.3135709829056,0.01,0.10308846104241164
1347,32.39900367604804,0.01,0.10852248243294484
1348,257.8776735233846,0.01,0.10824854197589873
1349,155.87447268393197,0.01,0.10323564721411094
1350,269.1003420476467,0.01,0.09249503501961308
1351,-27.92889904784022,0.01,0.11324942823415413
1352,274.77591583564435,0.01,0.10649345383973997
1353,50.16713061662381,0.01,0.10781541538970738
1354,42.05753264021013,0.01,0.11529944419192198
1355,36.53735835819728,0.01,0.11915415001101792
1356,-48.63402084197263,0.01,0.09155033726710826
1357,-299.6171029751166,0.01,0.11133614639855094
1358,-167.7884693917984,0.01,0.10426183512050008
1359,252.27051242340787,0.01,0.11146204999555795
1360,265.00589392264396,0.01,0.11231760781083722
1361,38.40577327551648,0.01,0.13830068999881384
1362,249.76939453661694,0.01,0.11927560366278228
1363,269.5361061291701,0.01,0.11407711808635315
1364,304.2109389008876,0.01,0.11344999314967505
1365,292.07377703254,0.01,0.10662373940501939
1366,274.18262807550116,0.01,0.10832593233159213
1367,275.02069513866394,0.01,0.1019482343003918
1368,260.0851561481785,0.01,0.1021380050136715
1369,270.3229776799822,0.01,0.0872055346995373
1370,6.8618452551479265,0.01,0.07848173266393133
1371,5.4642261495327205,0.01,0.09193142428628955
1372,259.39998589708966,0.01,0.08351215152916583
1373,42.18355214826582,0.01,0.08076051525370795
1374,241.0362121438149,0.01,0.09329696164932103
1375,14.171946688707308,0.01,0.1052877068964403
1376,272.0346377776472,0.01,0.08927208098637707
1377,13.85811835646139,0.01,0.09958315462665221
1378,288.65032514185054,0.01,0.10125800196053178
1379,260.36075033879445,0.01,0.09775953576219273
1380,-90.68174651515389,0.01,0.08915848989692546
1381,297.62465371661176,0.01,0.10697258973839818
1382,-39.35975411816972,0.01,0.10742845404688474
1383,-65.29927296387238,0.01,0.10897690086521238
1384,31.92661830652787,0.01,0.12251998113184157
1385,274.20001381658057,0.01,0.11861312064366339
1386,259.624465701388,0.01,0.11567793222736582
1387,277.8642097953749,0.01,0.1150599669101403
1388,259.15871843992534,0.01,0.11770778112403382
1389,261.2927320333287,0.01,0.12224650877714158
1390,296.4097821372277,0.01,0.13306980709834346
1391,-20.29784621608468,0.01,0.14350628244380156
1392,-423.25035228900254,0.01,0.13095051531543891
1393,-13.461990981777475,0.01,0.13302746247045877
1394,283.9738048119665,0.01,0.13409055281868754
1395,45.57713050496923,0.01,0.1428653829090007
1396,293.97199681764107,0.01,0.13655473707528243
1397,282.58784341812543,0.01,0.14686492374509474
1398,258.2764440716907,0.01,0.16347064407833944
1399,1.4464595315705822,0.01,0.14797612190691392
1400,267.48458931730295,0.01,0.16364060589112342
1401,-12.623534936466982,0.01,0.15248103298049057
1402,58.879333713102454,0.01,0.1594492971998112
1403,-3.9949678850940273,0.01,0.17901198887105646
1404,-69.77561854809349,0.01,0.16034061436541377
1405,297.68765009828564,0.01,0.16443167381571153
1406,262.37777849035774,0.01,0.1666147686760215
1407,-38.75778773135522,0.01,0.17491578103176186
1408,302.639404572489,0.01,0.15534665195211286
1409,252.81792702869703,0.01,0.15875321983255167
1410,14.12287891409244,0.01,0.14426569652134252
1411,201.3921041415295,0.01,0.15880903093423696
1412,8.315408080100909,0.01,0.1374472379620219
1413,264.83529038930976,0.01,0.15169644220490067
1414,13.032461134601576,0.01,0.15499010207621675
1415,49.41512834368581,0.01,0.1549385501708411
1416,-172.80726630690316,0.01,0.16296587477775354
1417,-26.64099005267515,0.01,0.18802114837108905
1418,5.847766829345034,0.01,0.18966575116555914
1419,294.64614119530313,0.01,0.1692652204833555
1420,-192.1072005664922,0.01,0.16493500427425126
1421,282.04842971202675,0.01,0.15587668653538145
1422,-139.75912874916895,0.01,0.14675569125009993
1423,255.01809331473143,0.01,0.15573562121218337
1424,251.3173062329662,0.01,0.15321990587228898
1425,234.58630796428872,0.01,0.16609053349552247
1426,196.35770422609323,0.01,0.1624526369935867
1427,281.49074937642524,0.01,0.15967249059864622
1428,-46.619748499154866,0.01,0.1577632673182038
1429,265.38183165725457,0.01,0.15191562828107827
1430,-67.26830509331191,0.01,0.14780746025408242
1431,-32.35951065123986,0.01,0.15947156724890313
1432,54.070468147629754,0.01,0.14804531050225098
1433,244.63377539465668,0.01,0.1487727128272134
1434,31.594260476227703,0.01,0.16370955606301626
1435,19.30219173502637,0.01,0.14592133287121267
1436,278.3811748975628,0.01,0.13475645184988463
1437,282.67800068048166,0.01,0.13862018445571517
1438,23.5506346986148,0.01,0.1284733137560893
1439,274.6077952574712,0.01,0.12819724062999302
1440,203.21970188691495,0.01,0.11538128665508703
1441,-123.29764023292313,0.01,0.10904344391270444
1442,189.1362017203053,0.01,0.10270196361372233
1443,263.30173666928977,0.01,0.1013388261225683
1444,275.1127458160947,0.01,0.10260694348506598
1445,-5.130905226932811,0.01,0.10654506199061871
1446,226.45943837004256,0.01,0.1142343869027884
1447,263.6300542767922,0.01,0.10793650931575233
1448,-4.977345877461431,0.01,0.10718569577671587
1449,-171.20341813607985,0.01,0.10039718259602438
1450,-234.36204182720186,0.01,0.11647649231452901
1451,-55.74142444657535,0.01,0.12378626597709343
1452,-338.68852845511776,0.01,0.12283072305857673
1453,268.9237025174216,0.01,0.11744749494790219
1454,236.69977438255148,0.01,0.12145326389387871
1455,-3.7928351271432916,0.01,0.12982081585939517
1456,296.40219202190207,0.01,0.12502164619692255
1457,-115.64154166680505,0.01,0.11207479149517086
1458,-313.02754974526965,0.01,0.12087248616128951
1459,-93.17314817603877,0.01,0.12656096447213197
1460,-393.6172055542931,0.01,0.12675322768576805
1461,264.0601710292545,0.01,0.13443440827398212
1462,-111.79555868544584,0.01,0.1388097180222923
1463,-69.83357400782577,0.01,0.1344031859189272
1464,39.33015927961745,0.01,0.14046418602553618
1465,-67.78397116438884,0.01,0.15461563367862255
1466,287.9841056682875,0.01,0.14166741617814158
1467,306.9401775729774,0.01,0.13742862194776534
1468,8.00736010051925,0.01,0.15146441143264788
1469,-114.74587362005107,0.01,0.15187735749881656
1470,238.25924307857355,0.01,0.14574613472446799
1471,265.10396337041425,0.01,0.14598639347705614
1472,203.41712957306117,0.01,0.15499056923746793
1473,283.2239730761713,0.01,0.15560460489466044
1474,261.02259842633975,0.01,0.14416964547226913
1475,246.5965016076938,0.01,0.14832527613110297
1476,-66.1134960474904,0.01,0.1646355925152054
1477,263.63565199218004,0.01,0.1402024963022311
1478,164.09926850533736,0.01,0.1371826180479896
1479,176.68391294826498,0.01,0.14484848856413737
1480,214.75442579354677,0.01,0.1394123600273809
1481,-195.2840706360244,0.01,0.15933036111089302
1482,266.4914055638708,0.01,0.14988120720797293
1483,255.34479303029704,0.01,0.1578209739925928
1484,175.437902875826,0.01,0.15872386783296927
1485,-9.328161976486555,0.01,0.13885175360107346
1486,-17.910847426531205,0.01,0.16773999529378908
1487,291.0911272781844,0.01,0.1655968107163496
1488,-45.09140139760699,0.01,0.17233764800955267
1489,264.2096864099891,0.01,0.15412708811712364
1490,-253.72564440556974,0.01,0.15973557468111577
1491,259.35646297021924,0.01,0.18289277707370594
1492,-2.152827740553036,0.01,0.17416467719936166
1493,278.0281081311049,0.01,0.15911561204120517
1494,210.59267853457692,0.01,0.17209531709515644
1495,198.93272244251233,0.01,0.16055882510636713
1496,302.5357572249909,0.01,0.15768129881017093
1497,-230.09141683141408,0.01,0.16576919451038888
1498,263.3623436704098,0.01,0.1562647700127193
1499,-92.43023757118974,0.01,0.1427283793772486
1500,243.80235520448963,0.01,0.14917717815815343
